CustomerID,Segment
12346.0,At Risk / Lost
12347.0,Champions
12348.0,Potential Loyalist
12349.0,New Customers
12350.0,At Risk / Lost
12352.0,Potential Loyalist
12353.0,At Risk / Lost
12354.0,At Risk / Lost
12355.0,At Risk / Lost
12356.0,Loyal Customers
12357.0,Big Spenders (Infrequent)
12358.0,New Customers
12359.0,Potential Loyalist
12360.0,Others
12361.0,At Risk / Lost
12362.0,Champions
12363.0,At Risk / Lost
12364.0,Champions
12365.0,At Risk / Lost
12367.0,New Customers
12370.0,Potential Loyalist
12371.0,Big Spenders (Infrequent)
12372.0,Others
12373.0,At Risk / Lost
12374.0,New Customers
12375.0,New Customers
12377.0,At Risk / Lost
12378.0,At Risk / Lost
12379.0,At Risk / Lost
12380.0,Champions
12381.0,Champions
12383.0,Potential Loyalist
12384.0,New Customers
12386.0,At Risk / Lost
12388.0,Champions
12390.0,At Risk / Lost
12391.0,New Customers
12393.0,Potential Loyalist
12394.0,Big Spenders (Infrequent)
12395.0,Champions
12397.0,Big Spenders (Infrequent)
12398.0,Big Spenders (Infrequent)
12399.0,Potential Loyalist
12401.0,At Risk / Lost
12402.0,At Risk / Lost
12403.0,Others
12405.0,At Risk / Lost
12406.0,New Customers
12407.0,Potential Loyalist
12408.0,Potential Loyalist
12409.0,Others
12410.0,At Risk / Lost
12412.0,Others
12413.0,Others
12414.0,Others
12415.0,Champions
12417.0,Champions
12418.0,At Risk / Lost
12420.0,Others
12421.0,Loyal Customers
12422.0,Others
12423.0,Champions
12424.0,At Risk / Lost
12425.0,At Risk / Lost
12426.0,At Risk / Lost
12427.0,Loyal Customers
12428.0,Champions
12429.0,Champions
12430.0,Others
12431.0,Potential Loyalist
12432.0,Potential Loyalist
12433.0,Champions
12434.0,At Risk / Lost
12435.0,At Risk / Lost
12436.0,At Risk / Lost
12437.0,Champions
12438.0,New Customers
12441.0,At Risk / Lost
12442.0,New Customers
12444.0,Champions
12445.0,New Customers
12446.0,Big Spenders (Infrequent)
12447.0,At Risk / Lost
12448.0,Others
12449.0,Champions
12450.0,At Risk / Lost
12451.0,Champions
12452.0,New Customers
12453.0,At Risk / Lost
12454.0,Big Spenders (Infrequent)
12455.0,Potential Loyalist
12456.0,Others
12457.0,Potential Loyalist
12458.0,Big Spenders (Infrequent)
12461.0,At Risk / Lost
12462.0,New Customers
12463.0,Potential Loyalist
12464.0,Champions
12465.0,New Customers
12468.0,At Risk / Lost
12471.0,Champions
12472.0,Champions
12473.0,Champions
12474.0,Champions
12475.0,Others
12476.0,Champions
12477.0,Champions
12478.0,New Customers
12479.0,New Customers
12480.0,Champions
12481.0,Champions
12483.0,Champions
12484.0,Potential Loyalist
12488.0,Loyal Customers
12489.0,At Risk / Lost
12490.0,Champions
12491.0,Others
12492.0,Others
12493.0,At Risk / Lost
12494.0,Champions
12497.0,At Risk / Lost
12498.0,Loyal Customers
12500.0,Champions
12501.0,At Risk / Lost
12502.0,Potential Loyalist
12504.0,New Customers
12506.0,At Risk / Lost
12507.0,Others
12508.0,New Customers
12509.0,At Risk / Lost
12510.0,At Risk / Lost
12512.0,Others
12513.0,At Risk / Lost
12514.0,At Risk / Lost
12515.0,At Risk / Lost
12516.0,At Risk / Lost
12517.0,Champions
12518.0,Champions
12519.0,Others
12520.0,Potential Loyalist
12521.0,At Risk / Lost
12522.0,Others
12523.0,Champions
12524.0,Champions
12526.0,Loyal Customers
12527.0,Others
12528.0,Champions
12530.0,Potential Loyalist
12531.0,New Customers
12532.0,New Customers
12534.0,At Risk / Lost
12535.0,At Risk / Lost
12536.0,Others
12538.0,New Customers
12539.0,Champions
12540.0,Champions
12541.0,Loyal Customers
12544.0,Others
12545.0,At Risk / Lost
12546.0,Big Spenders (Infrequent)
12547.0,At Risk / Lost
12548.0,At Risk / Lost
12550.0,At Risk / Lost
12551.0,At Risk / Lost
12552.0,Others
12553.0,Champions
12556.0,Others
12557.0,Champions
12558.0,New Customers
12559.0,At Risk / Lost
12560.0,Loyal Customers
12561.0,At Risk / Lost
12562.0,Champions
12564.0,At Risk / Lost
12565.0,At Risk / Lost
12566.0,At Risk / Lost
12567.0,Champions
12569.0,Champions
12571.0,Others
12572.0,New Customers
12573.0,At Risk / Lost
12574.0,At Risk / Lost
12576.0,Potential Loyalist
12577.0,Others
12578.0,New Customers
12579.0,At Risk / Lost
12580.0,At Risk / Lost
12581.0,Others
12582.0,At Risk / Lost
12583.0,Champions
12584.0,Champions
12585.0,At Risk / Lost
12586.0,New Customers
12587.0,New Customers
12588.0,Others
12589.0,New Customers
12590.0,At Risk / Lost
12591.0,At Risk / Lost
12592.0,At Risk / Lost
12593.0,Others
12594.0,Potential Loyalist
12596.0,Others
12597.0,Champions
12598.0,Champions
12599.0,Champions
12600.0,Champions
12601.0,Potential Loyalist
12602.0,Others
12603.0,New Customers
12604.0,At Risk / Lost
12607.0,Big Spenders (Infrequent)
12609.0,Others
12610.0,Champions
12611.0,Big Spenders (Infrequent)
12612.0,At Risk / Lost
12613.0,Potential Loyalist
12614.0,At Risk / Lost
12615.0,Champions
12616.0,At Risk / Lost
12617.0,New Customers
12618.0,New Customers
12619.0,Champions
12620.0,Loyal Customers
12621.0,Champions
12622.0,At Risk / Lost
12623.0,At Risk / Lost
12624.0,At Risk / Lost
12625.0,At Risk / Lost
12626.0,Champions
12627.0,Champions
12628.0,Loyal Customers
12630.0,New Customers
12631.0,Others
12633.0,Potential Loyalist
12635.0,At Risk / Lost
12637.0,Potential Loyalist
12638.0,Others
12639.0,At Risk / Lost
12640.0,Loyal Customers
12641.0,At Risk / Lost
12642.0,Loyal Customers
12643.0,Potential Loyalist
12644.0,At Risk / Lost
12645.0,Potential Loyalist
12646.0,New Customers
12647.0,Champions
12648.0,At Risk / Lost
12649.0,Others
12650.0,New Customers
12651.0,At Risk / Lost
12652.0,At Risk / Lost
12653.0,At Risk / Lost
12654.0,Loyal Customers
12656.0,Champions
12657.0,Champions
12658.0,New Customers
12659.0,New Customers
12660.0,New Customers
12662.0,Champions
12664.0,Champions
12665.0,At Risk / Lost
12667.0,Others
12668.0,Champions
12669.0,Others
12670.0,Champions
12672.0,At Risk / Lost
12673.0,New Customers
12674.0,Potential Loyalist
12676.0,Champions
12678.0,Potential Loyalist
12679.0,Potential Loyalist
12680.0,Loyal Customers
12681.0,Champions
12682.0,Champions
12683.0,Champions
12684.0,Champions
12685.0,Champions
12686.0,At Risk / Lost
12688.0,At Risk / Lost
12689.0,New Customers
12690.0,At Risk / Lost
12691.0,Champions
12693.0,Potential Loyalist
12694.0,Others
12695.0,Loyal Customers
12697.0,Loyal Customers
12700.0,Champions
12701.0,At Risk / Lost
12702.0,New Customers
12703.0,Others
12704.0,Champions
12705.0,Champions
12707.0,At Risk / Lost
12708.0,Champions
12709.0,Champions
12710.0,Others
12712.0,Champions
12713.0,New Customers
12714.0,Champions
12715.0,At Risk / Lost
12716.0,New Customers
12717.0,At Risk / Lost
12718.0,Others
12719.0,New Customers
12720.0,Champions
12721.0,Champions
12722.0,Potential Loyalist
12723.0,Loyal Customers
12724.0,Champions
12725.0,At Risk / Lost
12726.0,Champions
12727.0,Champions
12728.0,Potential Loyalist
12729.0,At Risk / Lost
12731.0,Champions
12732.0,At Risk / Lost
12733.0,At Risk / Lost
12734.0,At Risk / Lost
12735.0,At Risk / Lost
12736.0,At Risk / Lost
12738.0,At Risk / Lost
12739.0,At Risk / Lost
12740.0,Others
12743.0,At Risk / Lost
12744.0,Potential Loyalist
12747.0,Champions
12748.0,Champions
12749.0,Champions
12750.0,At Risk / Lost
12752.0,At Risk / Lost
12753.0,Champions
12754.0,Others
12755.0,At Risk / Lost
12756.0,At Risk / Lost
12757.0,Champions
12758.0,At Risk / Lost
12759.0,Others
12762.0,New Customers
12763.0,At Risk / Lost
12764.0,At Risk / Lost
12766.0,Champions
12769.0,At Risk / Lost
12770.0,At Risk / Lost
12772.0,Others
12775.0,Champions
12778.0,Loyal Customers
12779.0,Potential Loyalist
12781.0,Others
12782.0,Champions
12783.0,Champions
12784.0,New Customers
12785.0,At Risk / Lost
12787.0,Loyal Customers
12789.0,Others
12790.0,At Risk / Lost
12791.0,At Risk / Lost
12792.0,At Risk / Lost
12793.0,At Risk / Lost
12794.0,Others
12795.0,New Customers
12797.0,At Risk / Lost
12798.0,Loyal Customers
12802.0,At Risk / Lost
12808.0,Others
12809.0,At Risk / Lost
12811.0,Others
12812.0,Others
12814.0,At Risk / Lost
12815.0,At Risk / Lost
12816.0,At Risk / Lost
12817.0,At Risk / Lost
12818.0,At Risk / Lost
12820.0,Champions
12821.0,At Risk / Lost
12822.0,Big Spenders (Infrequent)
12823.0,Potential Loyalist
12824.0,Others
12826.0,Champions
12827.0,Loyal Customers
12828.0,Champions
12829.0,At Risk / Lost
12830.0,Potential Loyalist
12831.0,At Risk / Lost
12832.0,New Customers
12833.0,At Risk / Lost
12834.0,At Risk / Lost
12836.0,Potential Loyalist
12837.0,At Risk / Lost
12838.0,Others
12839.0,Champions
12840.0,Potential Loyalist
12841.0,Champions
12842.0,Big Spenders (Infrequent)
12843.0,Potential Loyalist
12844.0,New Customers
12845.0,Others
12847.0,New Customers
12849.0,New Customers
12851.0,At Risk / Lost
12852.0,At Risk / Lost
12853.0,Potential Loyalist
12854.0,Others
12855.0,At Risk / Lost
12856.0,Champions
12857.0,At Risk / Lost
12863.0,Others
12864.0,At Risk / Lost
12865.0,New Customers
12866.0,At Risk / Lost
12867.0,Champions
12868.0,Potential Loyalist
12871.0,At Risk / Lost
12872.0,At Risk / Lost
12873.0,At Risk / Lost
12875.0,At Risk / Lost
12876.0,Big Spenders (Infrequent)
12877.0,Champions
12878.0,At Risk / Lost
12879.0,Others
12881.0,At Risk / Lost
12882.0,New Customers
12883.0,Loyal Customers
12884.0,At Risk / Lost
12885.0,Others
12886.0,Big Spenders (Infrequent)
12888.0,At Risk / Lost
12890.0,New Customers
12891.0,Others
12893.0,New Customers
12895.0,Others
12897.0,At Risk / Lost
12901.0,Champions
12902.0,At Risk / Lost
12904.0,New Customers
12906.0,Champions
12908.0,At Risk / Lost
12909.0,Potential Loyalist
12910.0,Champions
12912.0,Champions
12913.0,Champions
12915.0,At Risk / Lost
12916.0,Potential Loyalist
12917.0,At Risk / Lost
12919.0,Champions
12920.0,New Customers
12921.0,Champions
12922.0,At Risk / Lost
12923.0,Others
12924.0,Potential Loyalist
12925.0,New Customers
12928.0,Potential Loyalist
12929.0,At Risk / Lost
12930.0,At Risk / Lost
12931.0,Champions
12933.0,Loyal Customers
12935.0,Champions
12936.0,Champions
12937.0,Champions
12938.0,New Customers
12939.0,Potential Loyalist
12940.0,Others
12942.0,Others
12944.0,Others
12945.0,At Risk / Lost
12947.0,Potential Loyalist
12948.0,Champions
12949.0,Champions
12950.0,Loyal Customers
12951.0,Champions
12952.0,Champions
12953.0,New Customers
12955.0,Champions
12956.0,At Risk / Lost
12957.0,Champions
12962.0,New Customers
12963.0,Champions
12965.0,At Risk / Lost
12966.0,New Customers
12967.0,At Risk / Lost
12968.0,At Risk / Lost
12970.0,Loyal Customers
12971.0,Champions
12974.0,At Risk / Lost
12976.0,At Risk / Lost
12977.0,At Risk / Lost
12980.0,Potential Loyalist
12981.0,New Customers
12982.0,At Risk / Lost
12984.0,New Customers
12985.0,New Customers
12987.0,At Risk / Lost
12988.0,At Risk / Lost
12989.0,Champions
12990.0,Loyal Customers
12991.0,New Customers
12993.0,Loyal Customers
12994.0,Loyal Customers
12995.0,At Risk / Lost
12997.0,Champions
12999.0,Others
13000.0,Others
13001.0,Champions
13002.0,At Risk / Lost
13003.0,Others
13004.0,Champions
13005.0,At Risk / Lost
13006.0,Others
13008.0,At Risk / Lost
13011.0,At Risk / Lost
13012.0,Champions
13013.0,Champions
13014.0,Champions
13015.0,Potential Loyalist
13016.0,Others
13017.0,New Customers
13018.0,Champions
13021.0,Champions
13023.0,Others
13026.0,Champions
13027.0,Potential Loyalist
13028.0,New Customers
13029.0,Loyal Customers
13030.0,New Customers
13032.0,Big Spenders (Infrequent)
13033.0,At Risk / Lost
13034.0,Others
13035.0,At Risk / Lost
13037.0,Others
13038.0,Others
13040.0,New Customers
13043.0,At Risk / Lost
13044.0,At Risk / Lost
13045.0,At Risk / Lost
13046.0,New Customers
13047.0,Champions
13048.0,Champions
13049.0,Others
13050.0,Champions
13052.0,At Risk / Lost
13055.0,Others
13058.0,Loyal Customers
13059.0,At Risk / Lost
13060.0,At Risk / Lost
13061.0,At Risk / Lost
13062.0,At Risk / Lost
13064.0,Champions
13065.0,At Risk / Lost
13066.0,New Customers
13067.0,At Risk / Lost
13068.0,New Customers
13069.0,Champions
13070.0,At Risk / Lost
13072.0,At Risk / Lost
13075.0,At Risk / Lost
13077.0,Loyal Customers
13078.0,Champions
13079.0,Loyal Customers
13080.0,At Risk / Lost
13081.0,Champions
13082.0,Potential Loyalist
13083.0,New Customers
13085.0,At Risk / Lost
13089.0,Champions
13090.0,Champions
13091.0,New Customers
13092.0,Others
13093.0,Potential Loyalist
13094.0,Champions
13095.0,Others
13097.0,Potential Loyalist
13098.0,Champions
13099.0,At Risk / Lost
13101.0,At Risk / Lost
13102.0,Champions
13103.0,Others
13104.0,Champions
13106.0,At Risk / Lost
13107.0,Potential Loyalist
13108.0,At Risk / Lost
13109.0,Others
13110.0,Champions
13113.0,Champions
13115.0,Champions
13116.0,At Risk / Lost
13117.0,Champions
13118.0,Champions
13120.0,At Risk / Lost
13121.0,At Risk / Lost
13122.0,At Risk / Lost
13124.0,Others
13126.0,Champions
13127.0,At Risk / Lost
13130.0,At Risk / Lost
13131.0,Loyal Customers
13132.0,At Risk / Lost
13133.0,At Risk / Lost
13134.0,Potential Loyalist
13135.0,At Risk / Lost
13136.0,Potential Loyalist
13137.0,Champions
13138.0,Champions
13139.0,Champions
13140.0,Others
13141.0,Potential Loyalist
13142.0,New Customers
13144.0,At Risk / Lost
13145.0,Potential Loyalist
13146.0,New Customers
13147.0,Loyal Customers
13148.0,Champions
13149.0,Champions
13151.0,At Risk / Lost
13153.0,New Customers
13155.0,Potential Loyalist
13157.0,Potential Loyalist
13158.0,Potential Loyalist
13159.0,Champions
13160.0,New Customers
13161.0,At Risk / Lost
13162.0,Potential Loyalist
13165.0,Big Spenders (Infrequent)
13166.0,At Risk / Lost
13167.0,Loyal Customers
13168.0,Potential Loyalist
13169.0,Others
13170.0,New Customers
13171.0,Loyal Customers
13173.0,New Customers
13174.0,Loyal Customers
13176.0,Others
13177.0,Others
13178.0,Champions
13182.0,Others
13183.0,Champions
13184.0,Champions
13185.0,At Risk / Lost
13186.0,Others
13187.0,At Risk / Lost
13188.0,New Customers
13189.0,New Customers
13192.0,At Risk / Lost
13193.0,Others
13194.0,At Risk / Lost
13196.0,Champions
13198.0,Champions
13199.0,Champions
13200.0,Loyal Customers
13203.0,Loyal Customers
13207.0,New Customers
13208.0,Potential Loyalist
13209.0,Champions
13210.0,At Risk / Lost
13211.0,Loyal Customers
13212.0,Loyal Customers
13213.0,Potential Loyalist
13216.0,At Risk / Lost
13217.0,Others
13218.0,At Risk / Lost
13220.0,Potential Loyalist
13221.0,At Risk / Lost
13223.0,At Risk / Lost
13224.0,Big Spenders (Infrequent)
13225.0,Champions
13226.0,At Risk / Lost
13227.0,At Risk / Lost
13228.0,At Risk / Lost
13229.0,At Risk / Lost
13230.0,Champions
13232.0,Champions
13233.0,At Risk / Lost
13235.0,At Risk / Lost
13236.0,New Customers
13238.0,Loyal Customers
13239.0,At Risk / Lost
13240.0,Potential Loyalist
13242.0,Others
13243.0,At Risk / Lost
13244.0,At Risk / Lost
13245.0,Others
13246.0,Champions
13247.0,Loyal Customers
13248.0,At Risk / Lost
13249.0,Others
13253.0,At Risk / Lost
13255.0,New Customers
13258.0,Loyal Customers
13259.0,Others
13260.0,Others
13261.0,At Risk / Lost
13262.0,At Risk / Lost
13263.0,Champions
13265.0,Potential Loyalist
13266.0,Champions
13267.0,Champions
13268.0,Champions
13269.0,Champions
13270.0,At Risk / Lost
13271.0,Others
13272.0,New Customers
13273.0,At Risk / Lost
13276.0,Others
13277.0,Loyal Customers
13278.0,Others
13279.0,At Risk / Lost
13280.0,Others
13282.0,Loyal Customers
13283.0,Others
13284.0,At Risk / Lost
13285.0,Champions
13291.0,At Risk / Lost
13292.0,Others
13294.0,At Risk / Lost
13295.0,At Risk / Lost
13296.0,At Risk / Lost
13297.0,Champions
13298.0,New Customers
13299.0,At Risk / Lost
13300.0,At Risk / Lost
13301.0,Potential Loyalist
13302.0,At Risk / Lost
13304.0,At Risk / Lost
13305.0,Champions
13307.0,At Risk / Lost
13308.0,Loyal Customers
13309.0,Champions
13310.0,Loyal Customers
13311.0,New Customers
13313.0,Champions
13314.0,Loyal Customers
13316.0,Potential Loyalist
13317.0,Potential Loyalist
13318.0,Loyal Customers
13319.0,Champions
13320.0,Potential Loyalist
13321.0,At Risk / Lost
13322.0,New Customers
13323.0,Loyal Customers
13324.0,Potential Loyalist
13325.0,At Risk / Lost
13327.0,Potential Loyalist
13328.0,At Risk / Lost
13329.0,New Customers
13330.0,Others
13332.0,New Customers
13334.0,Others
13336.0,At Risk / Lost
13338.0,At Risk / Lost
13339.0,At Risk / Lost
13340.0,Potential Loyalist
13341.0,At Risk / Lost
13343.0,At Risk / Lost
13344.0,Others
13345.0,At Risk / Lost
13347.0,Others
13348.0,Others
13349.0,New Customers
13350.0,New Customers
13351.0,Others
13352.0,Others
13354.0,Others
13355.0,At Risk / Lost
13356.0,At Risk / Lost
13357.0,At Risk / Lost
13358.0,At Risk / Lost
13359.0,Others
13362.0,Champions
13363.0,New Customers
13364.0,Others
13365.0,Big Spenders (Infrequent)
13366.0,Others
13368.0,At Risk / Lost
13369.0,At Risk / Lost
13370.0,At Risk / Lost
13372.0,At Risk / Lost
13373.0,Others
13375.0,At Risk / Lost
13376.0,Others
13379.0,Loyal Customers
13381.0,Champions
13382.0,At Risk / Lost
13384.0,Champions
13385.0,At Risk / Lost
13388.0,At Risk / Lost
13389.0,Loyal Customers
13390.0,At Risk / Lost
13391.0,At Risk / Lost
13394.0,Champions
13395.0,At Risk / Lost
13396.0,New Customers
13397.0,Potential Loyalist
13398.0,At Risk / Lost
13402.0,At Risk / Lost
13403.0,New Customers
13404.0,New Customers
13405.0,Others
13408.0,Champions
13410.0,Champions
13411.0,At Risk / Lost
13414.0,Others
13416.0,Others
13417.0,New Customers
13418.0,Champions
13419.0,Others
13420.0,At Risk / Lost
13421.0,Big Spenders (Infrequent)
13422.0,Big Spenders (Infrequent)
13425.0,Others
13426.0,Champions
13427.0,Loyal Customers
13428.0,New Customers
13429.0,Champions
13430.0,New Customers
13431.0,Big Spenders (Infrequent)
13434.0,At Risk / Lost
13435.0,Champions
13436.0,New Customers
13437.0,Champions
13439.0,At Risk / Lost
13441.0,At Risk / Lost
13447.0,Loyal Customers
13448.0,Champions
13449.0,New Customers
13450.0,Champions
13451.0,Champions
13452.0,At Risk / Lost
13453.0,At Risk / Lost
13455.0,New Customers
13456.0,Champions
13458.0,Champions
13460.0,New Customers
13461.0,Others
13462.0,At Risk / Lost
13464.0,Others
13466.0,At Risk / Lost
13467.0,New Customers
13468.0,Champions
13470.0,At Risk / Lost
13471.0,Champions
13473.0,Others
13474.0,At Risk / Lost
13475.0,Potential Loyalist
13476.0,At Risk / Lost
13477.0,Potential Loyalist
13479.0,At Risk / Lost
13481.0,Potential Loyalist
13482.0,At Risk / Lost
13483.0,Others
13484.0,At Risk / Lost
13485.0,At Risk / Lost
13486.0,Others
13487.0,Others
13488.0,Champions
13489.0,Others
13491.0,Potential Loyalist
13492.0,Others
13493.0,At Risk / Lost
13494.0,At Risk / Lost
13495.0,Champions
13496.0,New Customers
13497.0,At Risk / Lost
13499.0,Champions
13500.0,Loyal Customers
13501.0,At Risk / Lost
13502.0,Loyal Customers
13503.0,Others
13504.0,Others
13505.0,Potential Loyalist
13506.0,At Risk / Lost
13507.0,Champions
13508.0,At Risk / Lost
13509.0,Champions
13510.0,Champions
13512.0,At Risk / Lost
13513.0,At Risk / Lost
13514.0,At Risk / Lost
13515.0,Potential Loyalist
13516.0,Loyal Customers
13517.0,Others
13518.0,At Risk / Lost
13519.0,At Risk / Lost
13520.0,Potential Loyalist
13521.0,Loyal Customers
13522.0,New Customers
13523.0,Potential Loyalist
13524.0,Potential Loyalist
13525.0,New Customers
13527.0,Potential Loyalist
13529.0,At Risk / Lost
13531.0,At Risk / Lost
13532.0,Others
13533.0,Others
13534.0,Champions
13536.0,Champions
13538.0,Potential Loyalist
13539.0,Others
13544.0,Others
13546.0,Loyal Customers
13548.0,At Risk / Lost
13549.0,Loyal Customers
13551.0,At Risk / Lost
13552.0,Potential Loyalist
13555.0,Potential Loyalist
13557.0,New Customers
13558.0,Loyal Customers
13560.0,New Customers
13561.0,At Risk / Lost
13562.0,Others
13563.0,At Risk / Lost
13564.0,Others
13565.0,New Customers
13566.0,Others
13568.0,At Risk / Lost
13569.0,New Customers
13570.0,At Risk / Lost
13571.0,Champions
13572.0,At Risk / Lost
13573.0,Others
13575.0,Loyal Customers
13576.0,Champions
13577.0,Champions
13579.0,New Customers
13581.0,At Risk / Lost
13583.0,At Risk / Lost
13584.0,At Risk / Lost
13587.0,Others
13588.0,Champions
13589.0,New Customers
13590.0,Champions
13591.0,Others
13592.0,Others
13593.0,Potential Loyalist
13594.0,Others
13596.0,New Customers
13598.0,Others
13599.0,Champions
13600.0,At Risk / Lost
13601.0,Others
13602.0,Others
13603.0,New Customers
13606.0,Loyal Customers
13607.0,Others
13610.0,Champions
13611.0,Others
13614.0,Champions
13615.0,At Risk / Lost
13617.0,Others
13618.0,At Risk / Lost
13621.0,At Risk / Lost
13623.0,Loyal Customers
13626.0,At Risk / Lost
13627.0,Potential Loyalist
13629.0,Champions
13630.0,Champions
13631.0,Potential Loyalist
13632.0,Champions
13634.0,Potential Loyalist
13635.0,Big Spenders (Infrequent)
13636.0,Potential Loyalist
13637.0,Others
13638.0,New Customers
13639.0,At Risk / Lost
13642.0,At Risk / Lost
13643.0,Loyal Customers
13644.0,Champions
13645.0,At Risk / Lost
13647.0,Champions
13649.0,At Risk / Lost
13650.0,Champions
13651.0,Others
13652.0,Others
13654.0,Potential Loyalist
13655.0,At Risk / Lost
13656.0,At Risk / Lost
13657.0,New Customers
13658.0,Champions
13659.0,At Risk / Lost
13662.0,Others
13663.0,At Risk / Lost
13666.0,Others
13667.0,At Risk / Lost
13668.0,Champions
13669.0,Others
13670.0,At Risk / Lost
13672.0,At Risk / Lost
13673.0,New Customers
13675.0,At Risk / Lost
13678.0,At Risk / Lost
13680.0,Champions
13681.0,Loyal Customers
13682.0,At Risk / Lost
13684.0,At Risk / Lost
13685.0,Champions
13686.0,At Risk / Lost
13689.0,Others
13690.0,Others
13692.0,Loyal Customers
13694.0,Champions
13695.0,Champions
13697.0,Others
13699.0,At Risk / Lost
13700.0,Champions
13703.0,At Risk / Lost
13704.0,Champions
13705.0,Loyal Customers
13706.0,At Risk / Lost
13707.0,At Risk / Lost
13708.0,At Risk / Lost
13709.0,Champions
13710.0,New Customers
13711.0,At Risk / Lost
13712.0,At Risk / Lost
13715.0,Potential Loyalist
13716.0,At Risk / Lost
13717.0,Champions
13718.0,At Risk / Lost
13719.0,Champions
13720.0,Potential Loyalist
13721.0,Others
13722.0,Others
13723.0,At Risk / Lost
13725.0,Potential Loyalist
13726.0,Big Spenders (Infrequent)
13727.0,New Customers
13728.0,Potential Loyalist
13730.0,At Risk / Lost
13731.0,At Risk / Lost
13732.0,New Customers
13735.0,Champions
13736.0,New Customers
13737.0,At Risk / Lost
13739.0,New Customers
13740.0,At Risk / Lost
13741.0,Others
13742.0,Champions
13743.0,Champions
13744.0,At Risk / Lost
13745.0,At Risk / Lost
13747.0,At Risk / Lost
13748.0,Potential Loyalist
13750.0,Potential Loyalist
13751.0,At Risk / Lost
13752.0,Potential Loyalist
13753.0,At Risk / Lost
13754.0,At Risk / Lost
13755.0,Champions
13756.0,Champions
13758.0,Champions
13759.0,Others
13760.0,Others
13761.0,Big Spenders (Infrequent)
13762.0,At Risk / Lost
13763.0,Big Spenders (Infrequent)
13764.0,Others
13767.0,Champions
13769.0,Champions
13771.0,Potential Loyalist
13772.0,Others
13774.0,At Risk / Lost
13777.0,Champions
13778.0,At Risk / Lost
13780.0,New Customers
13781.0,At Risk / Lost
13782.0,Loyal Customers
13784.0,Champions
13786.0,At Risk / Lost
13787.0,At Risk / Lost
13790.0,New Customers
13791.0,At Risk / Lost
13792.0,Others
13798.0,Champions
13799.0,At Risk / Lost
13800.0,At Risk / Lost
13801.0,Others
13802.0,Others
13803.0,At Risk / Lost
13804.0,Champions
13805.0,Others
13806.0,Others
13807.0,At Risk / Lost
13808.0,Champions
13809.0,At Risk / Lost
13810.0,Loyal Customers
13811.0,Others
13812.0,Others
13813.0,Potential Loyalist
13814.0,At Risk / Lost
13815.0,Champions
13816.0,New Customers
13817.0,New Customers
13819.0,Others
13821.0,At Risk / Lost
13822.0,New Customers
13823.0,New Customers
13824.0,Potential Loyalist
13826.0,At Risk / Lost
13827.0,Others
13828.0,New Customers
13831.0,Champions
13832.0,New Customers
13833.0,At Risk / Lost
13835.0,Loyal Customers
13837.0,At Risk / Lost
13838.0,Loyal Customers
13841.0,At Risk / Lost
13842.0,Potential Loyalist
13844.0,New Customers
13845.0,Others
13846.0,Loyal Customers
13848.0,Others
13849.0,Big Spenders (Infrequent)
13850.0,At Risk / Lost
13851.0,Others
13853.0,Big Spenders (Infrequent)
13854.0,Champions
13856.0,Others
13858.0,Others
13859.0,At Risk / Lost
13860.0,Champions
13862.0,Champions
13863.0,At Risk / Lost
13865.0,Potential Loyalist
13866.0,At Risk / Lost
13867.0,Loyal Customers
13868.0,New Customers
13869.0,Potential Loyalist
13870.0,Champions
13871.0,Champions
13873.0,Others
13874.0,At Risk / Lost
13875.0,Potential Loyalist
13876.0,Others
13877.0,At Risk / Lost
13878.0,Big Spenders (Infrequent)
13880.0,Champions
13881.0,Champions
13882.0,Champions
13883.0,Champions
13884.0,Loyal Customers
13885.0,At Risk / Lost
13886.0,Others
13887.0,At Risk / Lost
13888.0,At Risk / Lost
13889.0,At Risk / Lost
13890.0,Champions
13892.0,Loyal Customers
13893.0,At Risk / Lost
13894.0,Loyal Customers
13895.0,Champions
13897.0,Others
13898.0,At Risk / Lost
13899.0,New Customers
13900.0,Others
13901.0,Potential Loyalist
13904.0,Others
13908.0,Potential Loyalist
13911.0,Potential Loyalist
13914.0,New Customers
13917.0,Others
13918.0,Big Spenders (Infrequent)
13919.0,Others
13922.0,At Risk / Lost
13923.0,Others
13924.0,Champions
13925.0,Potential Loyalist
13926.0,New Customers
13927.0,At Risk / Lost
13928.0,Loyal Customers
13929.0,At Risk / Lost
13930.0,Others
13931.0,At Risk / Lost
13932.0,At Risk / Lost
13933.0,At Risk / Lost
13934.0,At Risk / Lost
13936.0,At Risk / Lost
13937.0,At Risk / Lost
13938.0,Others
13939.0,Loyal Customers
13940.0,Loyal Customers
13941.0,Champions
13946.0,Others
13947.0,Others
13948.0,At Risk / Lost
13949.0,Champions
13950.0,Loyal Customers
13951.0,Others
13952.0,At Risk / Lost
13953.0,Champions
13954.0,Loyal Customers
13955.0,Others
13956.0,Champions
13959.0,Others
13960.0,Loyal Customers
13962.0,Loyal Customers
13963.0,Potential Loyalist
13967.0,At Risk / Lost
13969.0,Champions
13971.0,Champions
13972.0,Others
13973.0,At Risk / Lost
13974.0,Others
13975.0,Champions
13976.0,At Risk / Lost
13978.0,Loyal Customers
13979.0,At Risk / Lost
13980.0,Others
13982.0,Potential Loyalist
13983.0,Champions
13984.0,Loyal Customers
13985.0,Champions
13986.0,New Customers
13988.0,Champions
13989.0,Others
13990.0,At Risk / Lost
13991.0,Loyal Customers
13992.0,New Customers
13993.0,Potential Loyalist
13994.0,Champions
13995.0,Champions
13999.0,Champions
14000.0,At Risk / Lost
14001.0,Others
14002.0,Others
14004.0,Potential Loyalist
14005.0,Champions
14006.0,Others
14009.0,Others
14012.0,At Risk / Lost
14013.0,Others
14014.0,At Risk / Lost
14015.0,Others
14016.0,Potential Loyalist
14019.0,Others
14020.0,Loyal Customers
14021.0,Others
14022.0,At Risk / Lost
14023.0,Loyal Customers
14024.0,Others
14027.0,Others
14029.0,Others
14030.0,Champions
14031.0,Champions
14032.0,Champions
14034.0,Loyal Customers
14035.0,Champions
14036.0,At Risk / Lost
14037.0,Others
14038.0,Others
14039.0,Others
14040.0,Potential Loyalist
14041.0,At Risk / Lost
14044.0,Loyal Customers
14045.0,Potential Loyalist
14046.0,At Risk / Lost
14047.0,Champions
14048.0,At Risk / Lost
14049.0,Champions
14050.0,Loyal Customers
14051.0,Champions
14052.0,New Customers
14053.0,Others
14054.0,Others
14055.0,At Risk / Lost
14056.0,Champions
14057.0,Champions
14059.0,At Risk / Lost
14060.0,Champions
14062.0,Champions
14064.0,Champions
14066.0,At Risk / Lost
14067.0,Others
14068.0,At Risk / Lost
14071.0,Champions
14073.0,New Customers
14075.0,Loyal Customers
14076.0,At Risk / Lost
14077.0,Potential Loyalist
14078.0,Potential Loyalist
14079.0,At Risk / Lost
14080.0,Others
14081.0,Others
14082.0,At Risk / Lost
14083.0,Champions
14085.0,Champions
14087.0,New Customers
14088.0,Champions
14089.0,Others
14090.0,At Risk / Lost
14092.0,Champions
14093.0,New Customers
14096.0,Champions
14098.0,Others
14099.0,Champions
14100.0,At Risk / Lost
14101.0,Potential Loyalist
14102.0,Champions
14104.0,Others
14105.0,At Risk / Lost
14107.0,Potential Loyalist
14108.0,Loyal Customers
14109.0,At Risk / Lost
14110.0,Champions
14111.0,Loyal Customers
14112.0,Champions
14113.0,Champions
14114.0,Others
14116.0,Champions
14117.0,At Risk / Lost
14121.0,Champions
14124.0,At Risk / Lost
14125.0,Loyal Customers
14126.0,Loyal Customers
14127.0,Others
14128.0,Others
14129.0,Champions
14130.0,At Risk / Lost
14132.0,Champions
14133.0,Others
14135.0,Champions
14138.0,Loyal Customers
14139.0,Others
14140.0,Loyal Customers
14141.0,Loyal Customers
14142.0,At Risk / Lost
14143.0,At Risk / Lost
14145.0,Potential Loyalist
14146.0,Champions
14147.0,Others
14148.0,At Risk / Lost
14149.0,At Risk / Lost
14150.0,Others
14152.0,Others
14154.0,Others
14155.0,At Risk / Lost
14156.0,Champions
14157.0,Loyal Customers
14158.0,Others
14159.0,Champions
14161.0,Others
14162.0,Others
14163.0,Potential Loyalist
14164.0,Others
14165.0,At Risk / Lost
14167.0,Potential Loyalist
14171.0,At Risk / Lost
14173.0,Loyal Customers
14174.0,Others
14175.0,Others
14176.0,Potential Loyalist
14177.0,Potential Loyalist
14178.0,Champions
14179.0,Others
14180.0,Champions
14184.0,Others
14185.0,At Risk / Lost
14188.0,Champions
14189.0,Champions
14191.0,Champions
14193.0,Others
14194.0,Champions
14195.0,Others
14196.0,At Risk / Lost
14198.0,Loyal Customers
14199.0,At Risk / Lost
14201.0,Potential Loyalist
14204.0,New Customers
14205.0,Loyal Customers
14206.0,At Risk / Lost
14208.0,At Risk / Lost
14209.0,Champions
14210.0,Potential Loyalist
14211.0,Potential Loyalist
14212.0,At Risk / Lost
14214.0,Champions
14215.0,Champions
14216.0,Champions
14217.0,Champions
14218.0,Others
14219.0,New Customers
14220.0,Others
14221.0,Potential Loyalist
14222.0,At Risk / Lost
14223.0,Others
14224.0,Potential Loyalist
14226.0,Champions
14227.0,Champions
14229.0,Others
14231.0,Others
14232.0,Potential Loyalist
14233.0,Potential Loyalist
14234.0,Loyal Customers
14235.0,Potential Loyalist
14236.0,Others
14237.0,At Risk / Lost
14238.0,At Risk / Lost
14239.0,Potential Loyalist
14240.0,Loyal Customers
14241.0,At Risk / Lost
14242.0,Others
14243.0,Champions
14245.0,Others
14246.0,Others
14247.0,At Risk / Lost
14248.0,At Risk / Lost
14250.0,Loyal Customers
14251.0,Champions
14256.0,Others
14257.0,Potential Loyalist
14258.0,Champions
14259.0,At Risk / Lost
14261.0,Others
14262.0,Champions
14264.0,Others
14265.0,Others
14267.0,Others
14270.0,At Risk / Lost
14271.0,At Risk / Lost
14272.0,Others
14273.0,Potential Loyalist
14276.0,Others
14277.0,Loyal Customers
14280.0,At Risk / Lost
14282.0,Champions
14284.0,Loyal Customers
14285.0,Champions
14286.0,Loyal Customers
14287.0,Loyal Customers
14288.0,At Risk / Lost
14289.0,Loyal Customers
14290.0,Champions
14291.0,Champions
14292.0,Champions
14293.0,Champions
14295.0,Others
14297.0,Champions
14298.0,Champions
14299.0,Champions
14300.0,New Customers
14301.0,At Risk / Lost
14304.0,At Risk / Lost
14305.0,Others
14306.0,Others
14307.0,Potential Loyalist
14309.0,Champions
14311.0,At Risk / Lost
14312.0,Potential Loyalist
14314.0,At Risk / Lost
14315.0,Potential Loyalist
14317.0,Others
14320.0,Others
14321.0,Champions
14323.0,Others
14326.0,At Risk / Lost
14327.0,At Risk / Lost
14329.0,Champions
14331.0,Others
14332.0,Loyal Customers
14333.0,Others
14334.0,Champions
14335.0,Loyal Customers
14336.0,Champions
14338.0,Others
14339.0,At Risk / Lost
14340.0,At Risk / Lost
14341.0,Potential Loyalist
14342.0,Loyal Customers
14344.0,Potential Loyalist
14345.0,Others
14346.0,Others
14348.0,At Risk / Lost
14349.0,New Customers
14350.0,At Risk / Lost
14351.0,At Risk / Lost
14352.0,Potential Loyalist
14353.0,At Risk / Lost
14354.0,Loyal Customers
14355.0,At Risk / Lost
14356.0,Others
14357.0,Others
14359.0,Loyal Customers
14360.0,Champions
14362.0,New Customers
14364.0,Potential Loyalist
14367.0,Champions
14368.0,At Risk / Lost
14371.0,At Risk / Lost
14373.0,At Risk / Lost
14375.0,At Risk / Lost
14377.0,Others
14379.0,Others
14381.0,Others
14382.0,New Customers
14383.0,Others
14385.0,Loyal Customers
14386.0,At Risk / Lost
14387.0,Others
14388.0,Champions
14389.0,Others
14390.0,Champions
14393.0,At Risk / Lost
14395.0,Champions
14396.0,Others
14397.0,Champions
14400.0,At Risk / Lost
14401.0,Champions
14403.0,Potential Loyalist
14404.0,Potential Loyalist
14406.0,At Risk / Lost
14407.0,Potential Loyalist
14408.0,Champions
14409.0,Potential Loyalist
14410.0,Potential Loyalist
14411.0,At Risk / Lost
14412.0,Others
14413.0,At Risk / Lost
14414.0,Potential Loyalist
14415.0,Champions
14416.0,Loyal Customers
14418.0,Loyal Customers
14419.0,Champions
14420.0,At Risk / Lost
14421.0,Others
14422.0,Champions
14423.0,At Risk / Lost
14424.0,New Customers
14426.0,Champions
14427.0,Others
14428.0,Champions
14431.0,At Risk / Lost
14432.0,Champions
14434.0,Champions
14436.0,At Risk / Lost
14437.0,At Risk / Lost
14438.0,At Risk / Lost
14439.0,At Risk / Lost
14440.0,Champions
14441.0,Champions
14442.0,Others
14443.0,Potential Loyalist
14446.0,Champions
14447.0,Champions
14448.0,Loyal Customers
14449.0,Loyal Customers
14450.0,Others
14451.0,Others
14452.0,Loyal Customers
14453.0,At Risk / Lost
14456.0,Champions
14457.0,At Risk / Lost
14459.0,At Risk / Lost
14460.0,Others
14461.0,Others
14462.0,Potential Loyalist
14463.0,Others
14465.0,Others
14466.0,Champions
14467.0,Loyal Customers
14470.0,Loyal Customers
14472.0,Potential Loyalist
14473.0,Others
14474.0,Others
14475.0,Others
14476.0,At Risk / Lost
14477.0,Champions
14479.0,Others
14480.0,New Customers
14481.0,Others
14482.0,Champions
14483.0,At Risk / Lost
14484.0,Others
14485.0,Others
14487.0,Champions
14488.0,Big Spenders (Infrequent)
14489.0,At Risk / Lost
14491.0,Others
14493.0,Champions
14494.0,New Customers
14495.0,Others
14496.0,Others
14497.0,At Risk / Lost
14498.0,Potential Loyalist
14499.0,Loyal Customers
14500.0,Others
14501.0,Others
14502.0,Champions
14503.0,Champions
14504.0,Potential Loyalist
14505.0,Champions
14506.0,Champions
14507.0,Champions
14508.0,Loyal Customers
14511.0,Champions
14512.0,Others
14513.0,Others
14514.0,Others
14515.0,Champions
14517.0,Others
14518.0,Others
14520.0,Loyal Customers
14522.0,Champions
14523.0,At Risk / Lost
14524.0,Champions
14525.0,Champions
14527.0,Champions
14528.0,Others
14529.0,Others
14530.0,Champions
14532.0,Potential Loyalist
14533.0,Champions
14534.0,Champions
14535.0,Others
14536.0,At Risk / Lost
14537.0,Others
14538.0,Others
14539.0,Loyal Customers
14540.0,Loyal Customers
14541.0,Potential Loyalist
14542.0,At Risk / Lost
14543.0,Champions
14544.0,Loyal Customers
14546.0,Champions
14547.0,Champions
14548.0,Others
14549.0,At Risk / Lost
14550.0,Loyal Customers
14551.0,Loyal Customers
14552.0,At Risk / Lost
14553.0,Loyal Customers
14554.0,Champions
14555.0,Others
14557.0,At Risk / Lost
14560.0,Champions
14561.0,Others
14562.0,Champions
14565.0,Potential Loyalist
14566.0,At Risk / Lost
14567.0,Others
14569.0,New Customers
14570.0,Others
14572.0,Champions
14573.0,Potential Loyalist
14576.0,At Risk / Lost
14577.0,Loyal Customers
14578.0,New Customers
14581.0,New Customers
14582.0,Others
14583.0,Champions
14584.0,Potential Loyalist
14585.0,Others
14586.0,At Risk / Lost
14587.0,Champions
14589.0,At Risk / Lost
14591.0,Champions
14592.0,Others
14593.0,Loyal Customers
14594.0,Loyal Customers
14595.0,Champions
14597.0,Loyal Customers
14598.0,Others
14600.0,At Risk / Lost
14601.0,New Customers
14603.0,At Risk / Lost
14606.0,Champions
14607.0,Champions
14608.0,Champions
14609.0,Potential Loyalist
14616.0,Others
14618.0,Loyal Customers
14619.0,At Risk / Lost
14620.0,Others
14621.0,Champions
14622.0,At Risk / Lost
14623.0,Loyal Customers
14624.0,Others
14625.0,Others
14626.0,Champions
14628.0,Others
14629.0,Loyal Customers
14631.0,Others
14632.0,At Risk / Lost
14633.0,At Risk / Lost
14636.0,Others
14638.0,Others
14639.0,Potential Loyalist
14640.0,Champions
14641.0,New Customers
14642.0,Others
14643.0,Others
14644.0,Others
14645.0,Others
14646.0,Champions
14647.0,At Risk / Lost
14649.0,Champions
14651.0,Others
14652.0,At Risk / Lost
14653.0,Champions
14655.0,Champions
14656.0,Others
14657.0,Loyal Customers
14658.0,Loyal Customers
14659.0,Champions
14660.0,Others
14661.0,New Customers
14662.0,Loyal Customers
14664.0,Loyal Customers
14665.0,Potential Loyalist
14666.0,New Customers
14667.0,Champions
14669.0,Others
14670.0,Others
14672.0,Others
14673.0,Champions
14675.0,New Customers
14676.0,Champions
14680.0,Champions
14681.0,Others
14682.0,Others
14684.0,Champions
14687.0,At Risk / Lost
14688.0,Champions
14689.0,At Risk / Lost
14690.0,Others
14691.0,Champions
14692.0,Potential Loyalist
14693.0,At Risk / Lost
14696.0,Champions
14697.0,Others
14698.0,Champions
14699.0,At Risk / Lost
14700.0,Loyal Customers
14701.0,Champions
14702.0,Champions
14703.0,New Customers
14704.0,Champions
14705.0,At Risk / Lost
14708.0,Loyal Customers
14709.0,Champions
14710.0,Loyal Customers
14711.0,Champions
14712.0,Loyal Customers
14713.0,Champions
14714.0,New Customers
14715.0,Loyal Customers
14716.0,Others
14719.0,Champions
14720.0,Loyal Customers
14722.0,At Risk / Lost
14723.0,Champions
14725.0,New Customers
14727.0,At Risk / Lost
14729.0,At Risk / Lost
14730.0,Champions
14731.0,Others
14732.0,Champions
14733.0,Champions
14735.0,Champions
14737.0,Loyal Customers
14738.0,Potential Loyalist
14739.0,Champions
14740.0,Others
14741.0,Champions
14744.0,Champions
14745.0,Potential Loyalist
14747.0,At Risk / Lost
14748.0,Champions
14752.0,Others
14753.0,At Risk / Lost
14754.0,Others
14755.0,Champions
14756.0,New Customers
14757.0,At Risk / Lost
14758.0,Potential Loyalist
14759.0,Loyal Customers
14760.0,At Risk / Lost
14761.0,Others
14762.0,At Risk / Lost
14764.0,Others
14765.0,Loyal Customers
14766.0,Champions
14768.0,Loyal Customers
14769.0,Champions
14770.0,Others
14772.0,At Risk / Lost
14775.0,Others
14776.0,Potential Loyalist
14778.0,Others
14779.0,Others
14780.0,Others
14782.0,At Risk / Lost
14784.0,Loyal Customers
14785.0,Loyal Customers
14788.0,Loyal Customers
14789.0,New Customers
14790.0,Loyal Customers
14792.0,Others
14793.0,New Customers
14794.0,Champions
14795.0,At Risk / Lost
14796.0,Champions
14798.0,Others
14799.0,Others
14800.0,Potential Loyalist
14801.0,Others
14803.0,Others
14804.0,New Customers
14805.0,Loyal Customers
14806.0,At Risk / Lost
14808.0,Potential Loyalist
14810.0,Potential Loyalist
14813.0,Others
14815.0,Others
14816.0,At Risk / Lost
14817.0,Others
14818.0,Others
14819.0,Others
14820.0,Loyal Customers
14821.0,At Risk / Lost
14823.0,Others
14824.0,Champions
14825.0,Champions
14828.0,Others
14829.0,Loyal Customers
14830.0,Others
14834.0,Champions
14836.0,Loyal Customers
14837.0,Potential Loyalist
14840.0,At Risk / Lost
14841.0,Potential Loyalist
14842.0,Potential Loyalist
14844.0,Potential Loyalist
14847.0,At Risk / Lost
14849.0,Champions
14850.0,At Risk / Lost
14851.0,Loyal Customers
14852.0,Potential Loyalist
14853.0,Loyal Customers
14854.0,Potential Loyalist
14855.0,Others
14856.0,Others
14857.0,Others
14859.0,Champions
14860.0,New Customers
14861.0,Others
14862.0,Loyal Customers
14863.0,New Customers
14865.0,Loyal Customers
14866.0,Champions
14867.0,Others
14868.0,Champions
14869.0,Loyal Customers
14870.0,At Risk / Lost
14871.0,Loyal Customers
14873.0,At Risk / Lost
14875.0,Others
14878.0,Champions
14880.0,Others
14881.0,New Customers
14882.0,Loyal Customers
14883.0,Loyal Customers
14885.0,At Risk / Lost
14886.0,At Risk / Lost
14887.0,At Risk / Lost
14888.0,At Risk / Lost
14889.0,At Risk / Lost
14890.0,At Risk / Lost
14891.0,Others
14893.0,Loyal Customers
14894.0,At Risk / Lost
14895.0,Champions
14896.0,Others
14897.0,Champions
14898.0,Champions
14901.0,Champions
14902.0,New Customers
14903.0,Champions
14904.0,Loyal Customers
14905.0,Others
14907.0,Champions
14908.0,At Risk / Lost
14910.0,Loyal Customers
14911.0,Champions
14912.0,Loyal Customers
14913.0,Potential Loyalist
14915.0,Others
14916.0,Potential Loyalist
14918.0,Others
14920.0,Others
14921.0,Loyal Customers
14923.0,Others
14924.0,At Risk / Lost
14929.0,New Customers
14930.0,Others
14931.0,Champions
14932.0,At Risk / Lost
14934.0,Others
14935.0,At Risk / Lost
14936.0,Potential Loyalist
14937.0,Others
14944.0,Champions
14946.0,New Customers
14947.0,Others
14948.0,Champions
14950.0,New Customers
14951.0,At Risk / Lost
14952.0,Potential Loyalist
14953.0,New Customers
14954.0,New Customers
14957.0,At Risk / Lost
14958.0,Others
14959.0,Potential Loyalist
14960.0,Loyal Customers
14961.0,Champions
14962.0,At Risk / Lost
14963.0,Champions
14964.0,At Risk / Lost
14965.0,Others
14966.0,New Customers
14967.0,Others
14968.0,New Customers
14970.0,Potential Loyalist
14971.0,Others
14972.0,At Risk / Lost
14973.0,Others
14974.0,Others
14975.0,Others
14976.0,Potential Loyalist
14978.0,Potential Loyalist
14981.0,At Risk / Lost
14984.0,Loyal Customers
14985.0,Others
14987.0,Loyal Customers
14988.0,At Risk / Lost
14995.0,Others
14997.0,Others
14998.0,Others
15000.0,Others
15002.0,Potential Loyalist
15004.0,At Risk / Lost
15005.0,Champions
15006.0,Others
15007.0,At Risk / Lost
15009.0,Loyal Customers
15010.0,Others
15012.0,Others
15014.0,Others
15016.0,At Risk / Lost
15017.0,Others
15018.0,Others
15019.0,At Risk / Lost
15021.0,Champions
15022.0,Loyal Customers
15023.0,Champions
15024.0,Champions
15025.0,Others
15026.0,Others
15027.0,Champions
15028.0,Loyal Customers
15030.0,Others
15031.0,Loyal Customers
15032.0,Others
15033.0,Champions
15034.0,Champions
15035.0,At Risk / Lost
15036.0,Others
15038.0,Potential Loyalist
15039.0,Champions
15041.0,At Risk / Lost
15042.0,At Risk / Lost
15043.0,New Customers
15044.0,Champions
15045.0,Others
15046.0,Champions
15047.0,At Risk / Lost
15048.0,Others
15049.0,At Risk / Lost
15050.0,Loyal Customers
15051.0,Loyal Customers
15052.0,At Risk / Lost
15053.0,Loyal Customers
15054.0,Loyal Customers
15057.0,Others
15058.0,Champions
15059.0,Potential Loyalist
15060.0,Loyal Customers
15061.0,Champions
15062.0,Potential Loyalist
15063.0,At Risk / Lost
15065.0,Potential Loyalist
15066.0,Others
15067.0,Others
15068.0,Others
15069.0,At Risk / Lost
15070.0,At Risk / Lost
15071.0,Others
15073.0,Loyal Customers
15074.0,At Risk / Lost
15075.0,At Risk / Lost
15076.0,At Risk / Lost
15078.0,Champions
15079.0,Potential Loyalist
15081.0,Loyal Customers
15083.0,At Risk / Lost
15087.0,At Risk / Lost
15088.0,Loyal Customers
15089.0,Champions
15090.0,At Risk / Lost
15091.0,Others
15092.0,Others
15093.0,Champions
15095.0,Potential Loyalist
15096.0,Others
15097.0,New Customers
15098.0,Others
15099.0,At Risk / Lost
15100.0,Others
15101.0,Loyal Customers
15103.0,Loyal Customers
15104.0,Others
15105.0,Champions
15106.0,Champions
15107.0,Others
15108.0,Potential Loyalist
15109.0,At Risk / Lost
15110.0,Champions
15111.0,Loyal Customers
15113.0,Loyal Customers
15114.0,Champions
15115.0,New Customers
15116.0,Champions
15117.0,Champions
15118.0,At Risk / Lost
15119.0,At Risk / Lost
15120.0,At Risk / Lost
15121.0,Others
15122.0,Others
15123.0,Loyal Customers
15124.0,Loyal Customers
15125.0,Champions
15127.0,Others
15128.0,Potential Loyalist
15129.0,Potential Loyalist
15130.0,At Risk / Lost
15132.0,Champions
15133.0,Others
15134.0,Champions
15135.0,At Risk / Lost
15136.0,Champions
15139.0,Others
15140.0,Potential Loyalist
15142.0,Others
15143.0,At Risk / Lost
15144.0,Champions
15145.0,Champions
15146.0,Others
15147.0,At Risk / Lost
15148.0,New Customers
15149.0,At Risk / Lost
15150.0,Champions
15152.0,Champions
15153.0,New Customers
15154.0,At Risk / Lost
15156.0,Loyal Customers
15157.0,Loyal Customers
15158.0,Others
15159.0,Champions
15160.0,At Risk / Lost
15163.0,Loyal Customers
15164.0,Others
15165.0,At Risk / Lost
15167.0,At Risk / Lost
15168.0,New Customers
15171.0,At Risk / Lost
15172.0,Champions
15174.0,At Risk / Lost
15175.0,At Risk / Lost
15178.0,At Risk / Lost
15179.0,Champions
15180.0,At Risk / Lost
15181.0,Others
15182.0,Others
15184.0,Loyal Customers
15185.0,Others
15186.0,Loyal Customers
15187.0,Champions
15189.0,Champions
15192.0,Others
15193.0,Others
15194.0,Champions
15195.0,New Customers
15197.0,Loyal Customers
15198.0,Others
15199.0,Potential Loyalist
15201.0,Potential Loyalist
15203.0,Champions
15204.0,At Risk / Lost
15205.0,Others
15206.0,Loyal Customers
15208.0,Loyal Customers
15210.0,At Risk / Lost
15211.0,Others
15212.0,At Risk / Lost
15213.0,Others
15214.0,Champions
15215.0,Others
15216.0,At Risk / Lost
15218.0,Champions
15219.0,At Risk / Lost
15220.0,Potential Loyalist
15221.0,At Risk / Lost
15222.0,At Risk / Lost
15223.0,Others
15224.0,Others
15225.0,At Risk / Lost
15226.0,At Risk / Lost
15227.0,Potential Loyalist
15228.0,Potential Loyalist
15230.0,Others
15232.0,Others
15234.0,At Risk / Lost
15235.0,Potential Loyalist
15236.0,At Risk / Lost
15237.0,Champions
15238.0,Loyal Customers
15239.0,Loyal Customers
15240.0,Potential Loyalist
15241.0,Potential Loyalist
15243.0,At Risk / Lost
15244.0,Others
15245.0,Others
15246.0,Others
15247.0,At Risk / Lost
15249.0,Champions
15251.0,Champions
15252.0,Others
15253.0,Loyal Customers
15254.0,At Risk / Lost
15255.0,Others
15256.0,At Risk / Lost
15257.0,At Risk / Lost
15258.0,Others
15260.0,Potential Loyalist
15261.0,At Risk / Lost
15262.0,At Risk / Lost
15263.0,At Risk / Lost
15264.0,Others
15265.0,Others
15266.0,At Risk / Lost
15267.0,Champions
15269.0,New Customers
15270.0,Champions
15271.0,Champions
15272.0,Others
15274.0,Loyal Customers
15275.0,Others
15276.0,Others
15277.0,Others
15279.0,At Risk / Lost
15280.0,At Risk / Lost
15281.0,Potential Loyalist
15286.0,Others
15287.0,Loyal Customers
15288.0,Potential Loyalist
15289.0,Loyal Customers
15290.0,Champions
15291.0,Champions
15292.0,At Risk / Lost
15296.0,Potential Loyalist
15297.0,Loyal Customers
15298.0,Champions
15299.0,Potential Loyalist
15300.0,Others
15301.0,Potential Loyalist
15303.0,At Risk / Lost
15304.0,Potential Loyalist
15306.0,Others
15307.0,At Risk / Lost
15308.0,At Risk / Lost
15311.0,Champions
15312.0,Potential Loyalist
15313.0,At Risk / Lost
15314.0,At Risk / Lost
15315.0,Others
15316.0,At Risk / Lost
15318.0,New Customers
15319.0,At Risk / Lost
15320.0,Others
15321.0,Others
15322.0,At Risk / Lost
15325.0,At Risk / Lost
15326.0,At Risk / Lost
15327.0,Others
15329.0,Others
15330.0,Loyal Customers
15332.0,Potential Loyalist
15333.0,At Risk / Lost
15334.0,Others
15335.0,Others
15339.0,Others
15341.0,At Risk / Lost
15342.0,At Risk / Lost
15343.0,At Risk / Lost
15344.0,Loyal Customers
15345.0,Others
15346.0,At Risk / Lost
15347.0,At Risk / Lost
15348.0,At Risk / Lost
15349.0,Others
15350.0,At Risk / Lost
15351.0,Champions
15353.0,Others
15355.0,Loyal Customers
15356.0,Champions
15358.0,Champions
15360.0,Others
15361.0,At Risk / Lost
15363.0,At Risk / Lost
15364.0,Others
15365.0,Champions
15366.0,Others
15367.0,Potential Loyalist
15368.0,New Customers
15370.0,Potential Loyalist
15372.0,At Risk / Lost
15373.0,Champions
15374.0,At Risk / Lost
15376.0,Others
15379.0,Potential Loyalist
15380.0,Champions
15381.0,Others
15382.0,Champions
15384.0,Others
15385.0,Others
15386.0,At Risk / Lost
15388.0,At Risk / Lost
15389.0,At Risk / Lost
15392.0,Champions
15393.0,Loyal Customers
15394.0,Champions
15395.0,At Risk / Lost
15396.0,At Risk / Lost
15397.0,At Risk / Lost
15398.0,Loyal Customers
15399.0,Loyal Customers
15400.0,Potential Loyalist
15402.0,Others
15405.0,At Risk / Lost
15406.0,Loyal Customers
15407.0,Potential Loyalist
15408.0,At Risk / Lost
15410.0,Potential Loyalist
15411.0,Champions
15412.0,At Risk / Lost
15414.0,Loyal Customers
15415.0,At Risk / Lost
15416.0,Potential Loyalist
15417.0,At Risk / Lost
15419.0,New Customers
15421.0,Potential Loyalist
15422.0,Others
15423.0,Others
15424.0,Others
15426.0,Champions
15427.0,Others
15428.0,New Customers
15429.0,Loyal Customers
15432.0,New Customers
15433.0,Others
15434.0,Champions
15435.0,New Customers
15436.0,Loyal Customers
15437.0,At Risk / Lost
15438.0,At Risk / Lost
15440.0,Others
15442.0,At Risk / Lost
15443.0,Champions
15444.0,Loyal Customers
15445.0,At Risk / Lost
15447.0,At Risk / Lost
15448.0,At Risk / Lost
15449.0,Loyal Customers
15450.0,New Customers
15452.0,Loyal Customers
15453.0,Champions
15454.0,At Risk / Lost
15456.0,Others
15457.0,At Risk / Lost
15458.0,New Customers
15460.0,At Risk / Lost
15462.0,Others
15463.0,New Customers
15464.0,At Risk / Lost
15465.0,Champions
15466.0,At Risk / Lost
15467.0,Loyal Customers
15468.0,Others
15469.0,Others
15471.0,New Customers
15472.0,At Risk / Lost
15473.0,Champions
15475.0,At Risk / Lost
15478.0,Others
15480.0,At Risk / Lost
15482.0,Champions
15483.0,Others
15484.0,Champions
15485.0,Loyal Customers
15488.0,At Risk / Lost
15489.0,Loyal Customers
15491.0,Potential Loyalist
15492.0,Loyal Customers
15493.0,Potential Loyalist
15494.0,Loyal Customers
15497.0,Loyal Customers
15498.0,Champions
15500.0,Champions
15502.0,Champions
15503.0,At Risk / Lost
15504.0,At Risk / Lost
15505.0,Potential Loyalist
15506.0,Loyal Customers
15507.0,At Risk / Lost
15508.0,Potential Loyalist
15510.0,At Risk / Lost
15511.0,Loyal Customers
15512.0,Others
15513.0,Potential Loyalist
15514.0,Champions
15516.0,Others
15517.0,At Risk / Lost
15518.0,Potential Loyalist
15520.0,New Customers
15521.0,Potential Loyalist
15522.0,Others
15523.0,At Risk / Lost
15524.0,New Customers
15525.0,Loyal Customers
15526.0,Others
15527.0,Champions
15528.0,At Risk / Lost
15529.0,Champions
15530.0,Champions
15531.0,Loyal Customers
15532.0,Champions
15533.0,Loyal Customers
15535.0,Potential Loyalist
15537.0,At Risk / Lost
15539.0,New Customers
15540.0,New Customers
15541.0,At Risk / Lost
15543.0,At Risk / Lost
15544.0,Champions
15545.0,Others
15547.0,Champions
15549.0,Others
15550.0,Loyal Customers
15551.0,Others
15552.0,At Risk / Lost
15553.0,Others
15554.0,At Risk / Lost
15555.0,Champions
15556.0,New Customers
15557.0,New Customers
15561.0,Loyal Customers
15562.0,At Risk / Lost
15563.0,Champions
15565.0,Others
15567.0,New Customers
15568.0,Loyal Customers
15569.0,Potential Loyalist
15570.0,Champions
15571.0,Loyal Customers
15572.0,Champions
15573.0,Loyal Customers
15574.0,Potential Loyalist
15576.0,Others
15577.0,Others
15578.0,At Risk / Lost
15579.0,Others
15581.0,Potential Loyalist
15582.0,Loyal Customers
15584.0,Loyal Customers
15585.0,At Risk / Lost
15587.0,Potential Loyalist
15589.0,Others
15592.0,Others
15593.0,Others
15594.0,Champions
15596.0,Potential Loyalist
15597.0,Others
15598.0,Others
15599.0,Loyal Customers
15601.0,Champions
15602.0,Champions
15603.0,At Risk / Lost
15604.0,Others
15605.0,Potential Loyalist
15606.0,Potential Loyalist
15607.0,At Risk / Lost
15608.0,Champions
15609.0,At Risk / Lost
15610.0,Others
15611.0,Champions
15612.0,Others
15615.0,Champions
15618.0,Potential Loyalist
15619.0,New Customers
15620.0,Others
15621.0,Champions
15622.0,Potential Loyalist
15623.0,At Risk / Lost
15624.0,Potential Loyalist
15625.0,Potential Loyalist
15626.0,Others
15628.0,Champions
15630.0,Others
15632.0,Champions
15634.0,New Customers
15636.0,Others
15637.0,Others
15639.0,At Risk / Lost
15640.0,Champions
15641.0,Potential Loyalist
15643.0,Others
15644.0,Potential Loyalist
15645.0,New Customers
15646.0,Others
15648.0,Others
15649.0,Others
15651.0,Others
15652.0,At Risk / Lost
15653.0,Others
15654.0,Loyal Customers
15655.0,At Risk / Lost
15656.0,Potential Loyalist
15657.0,New Customers
15658.0,Potential Loyalist
15659.0,Others
15660.0,Champions
15661.0,Others
15663.0,At Risk / Lost
15664.0,Others
15665.0,Others
15667.0,Others
15668.0,At Risk / Lost
15669.0,Potential Loyalist
15670.0,At Risk / Lost
15671.0,Champions
15673.0,Potential Loyalist
15674.0,Potential Loyalist
15675.0,Others
15676.0,Loyal Customers
15677.0,Others
15678.0,Others
15679.0,Loyal Customers
15680.0,Loyal Customers
15681.0,Champions
15683.0,At Risk / Lost
15687.0,Champions
15689.0,Others
15690.0,Loyal Customers
15691.0,At Risk / Lost
15692.0,New Customers
15694.0,Champions
15695.0,Others
15696.0,Potential Loyalist
15699.0,New Customers
15700.0,Others
15701.0,Champions
15703.0,At Risk / Lost
15704.0,Potential Loyalist
15705.0,At Risk / Lost
15706.0,Potential Loyalist
15707.0,Potential Loyalist
15708.0,Potential Loyalist
15709.0,At Risk / Lost
15712.0,Champions
15713.0,Others
15714.0,Loyal Customers
15716.0,Potential Loyalist
15717.0,At Risk / Lost
15719.0,Potential Loyalist
15720.0,New Customers
15721.0,New Customers
15722.0,Potential Loyalist
15723.0,At Risk / Lost
15724.0,Others
15725.0,New Customers
15727.0,Champions
15729.0,At Risk / Lost
15730.0,Others
15732.0,Others
15733.0,At Risk / Lost
15734.0,Others
15737.0,Champions
15738.0,Champions
15739.0,Others
15740.0,Others
15743.0,Loyal Customers
15744.0,At Risk / Lost
15745.0,Champions
15746.0,At Risk / Lost
15747.0,Loyal Customers
15748.0,Others
15749.0,Others
15750.0,Champions
15752.0,Potential Loyalist
15753.0,At Risk / Lost
15754.0,Others
15755.0,Champions
15756.0,Potential Loyalist
15757.0,Others
15758.0,New Customers
15759.0,Others
15762.0,Others
15763.0,Loyal Customers
15764.0,Potential Loyalist
15766.0,Others
15768.0,Potential Loyalist
15769.0,Champions
15773.0,New Customers
15774.0,Others
15775.0,At Risk / Lost
15776.0,At Risk / Lost
15777.0,Potential Loyalist
15780.0,Others
15781.0,Loyal Customers
15782.0,Champions
15783.0,New Customers
15785.0,Potential Loyalist
15786.0,Potential Loyalist
15787.0,Champions
15789.0,At Risk / Lost
15790.0,New Customers
15791.0,Others
15793.0,Champions
15795.0,At Risk / Lost
15796.0,Champions
15797.0,Potential Loyalist
15799.0,Potential Loyalist
15800.0,Others
15801.0,Potential Loyalist
15802.0,At Risk / Lost
15803.0,Others
15804.0,Champions
15805.0,Champions
15806.0,Potential Loyalist
15807.0,Potential Loyalist
15808.0,Potential Loyalist
15809.0,Potential Loyalist
15810.0,Potential Loyalist
15811.0,Champions
15812.0,Potential Loyalist
15813.0,Others
15814.0,Champions
15815.0,Potential Loyalist
15819.0,Potential Loyalist
15820.0,At Risk / Lost
15821.0,Others
15822.0,Loyal Customers
15823.0,At Risk / Lost
15825.0,At Risk / Lost
15826.0,Potential Loyalist
15827.0,Potential Loyalist
15829.0,Others
15830.0,Others
15831.0,Potential Loyalist
15832.0,At Risk / Lost
15834.0,Potential Loyalist
15835.0,Potential Loyalist
15836.0,Others
15837.0,Others
15838.0,Champions
15839.0,Potential Loyalist
15840.0,Others
15841.0,Potential Loyalist
15843.0,At Risk / Lost
15844.0,Others
15845.0,Champions
15847.0,Others
15850.0,Loyal Customers
15852.0,Others
15853.0,Others
15854.0,Champions
15855.0,Potential Loyalist
15856.0,Champions
15857.0,New Customers
15858.0,Champions
15860.0,Potential Loyalist
15861.0,Champions
15862.0,Loyal Customers
15863.0,Loyal Customers
15864.0,Champions
15865.0,Potential Loyalist
15866.0,At Risk / Lost
15867.0,Champions
15869.0,Others
15870.0,Others
15872.0,Loyal Customers
15874.0,Potential Loyalist
15877.0,Loyal Customers
15880.0,At Risk / Lost
15881.0,Potential Loyalist
15882.0,Potential Loyalist
15883.0,Loyal Customers
15885.0,Others
15886.0,Others
15888.0,At Risk / Lost
15889.0,Others
15891.0,At Risk / Lost
15894.0,Others
15895.0,At Risk / Lost
15897.0,Others
15898.0,Champions
15899.0,At Risk / Lost
15900.0,New Customers
15901.0,Loyal Customers
15903.0,Champions
15904.0,New Customers
15906.0,Champions
15907.0,Champions
15909.0,At Risk / Lost
15910.0,Champions
15912.0,Others
15916.0,Champions
15917.0,At Risk / Lost
15918.0,Others
15919.0,Loyal Customers
15920.0,Others
15921.0,At Risk / Lost
15922.0,At Risk / Lost
15923.0,At Risk / Lost
15925.0,At Risk / Lost
15930.0,Others
15932.0,Champions
15933.0,Champions
15935.0,Others
15937.0,Others
15938.0,Others
15939.0,Potential Loyalist
15940.0,At Risk / Lost
15942.0,At Risk / Lost
15944.0,At Risk / Lost
15945.0,At Risk / Lost
15947.0,At Risk / Lost
15948.0,Loyal Customers
15949.0,Loyal Customers
15950.0,Champions
15951.0,Loyal Customers
15952.0,Potential Loyalist
15953.0,Champions
15955.0,Champions
15957.0,New Customers
15958.0,At Risk / Lost
15963.0,Loyal Customers
15965.0,Loyal Customers
15967.0,Loyal Customers
15969.0,Loyal Customers
15970.0,At Risk / Lost
15971.0,Champions
15973.0,At Risk / Lost
15974.0,Potential Loyalist
15975.0,At Risk / Lost
15976.0,Others
15977.0,Loyal Customers
15978.0,At Risk / Lost
15980.0,Potential Loyalist
15981.0,Champions
15983.0,Champions
15984.0,Champions
15985.0,Others
15986.0,New Customers
15987.0,Champions
15988.0,New Customers
15990.0,Others
15992.0,New Customers
15993.0,Champions
15994.0,Others
15996.0,Potential Loyalist
15998.0,Potential Loyalist
16000.0,Champions
16003.0,Champions
16005.0,Loyal Customers
16006.0,At Risk / Lost
16007.0,Potential Loyalist
16008.0,Loyal Customers
16009.0,Champions
16010.0,Others
16011.0,Champions
16012.0,Potential Loyalist
16013.0,Champions
16014.0,Potential Loyalist
16015.0,Loyal Customers
16016.0,Champions
16017.0,Others
16018.0,Others
16019.0,Potential Loyalist
16020.0,Loyal Customers
16022.0,At Risk / Lost
16023.0,Potential Loyalist
16024.0,New Customers
16025.0,New Customers
16026.0,Others
16027.0,Potential Loyalist
16029.0,Potential Loyalist
16030.0,At Risk / Lost
16031.0,Others
16033.0,Champions
16034.0,Others
16036.0,Others
16037.0,Potential Loyalist
16038.0,Loyal Customers
16040.0,Potential Loyalist
16041.0,Champions
16042.0,Champions
16043.0,Potential Loyalist
16045.0,Potential Loyalist
16048.0,Others
16049.0,Potential Loyalist
16050.0,At Risk / Lost
16052.0,Others
16053.0,Others
16054.0,At Risk / Lost
16055.0,At Risk / Lost
16056.0,Others
16057.0,Champions
16059.0,Potential Loyalist
16062.0,Champions
16063.0,At Risk / Lost
16065.0,At Risk / Lost
16066.0,Champions
16070.0,Loyal Customers
16071.0,Others
16072.0,At Risk / Lost
16073.0,At Risk / Lost
16076.0,Champions
16078.0,At Risk / Lost
16079.0,Champions
16080.0,Others
16081.0,Potential Loyalist
16083.0,Others
16084.0,At Risk / Lost
16085.0,Champions
16086.0,Potential Loyalist
16091.0,Others
16092.0,Potential Loyalist
16093.0,At Risk / Lost
16094.0,Champions
16096.0,At Risk / Lost
16097.0,At Risk / Lost
16098.0,Potential Loyalist
16099.0,Potential Loyalist
16101.0,Big Spenders (Infrequent)
16102.0,Potential Loyalist
16103.0,Champions
16104.0,Others
16105.0,At Risk / Lost
16106.0,Others
16107.0,Champions
16108.0,At Risk / Lost
16109.0,Others
16110.0,Potential Loyalist
16112.0,Others
16113.0,At Risk / Lost
16114.0,At Risk / Lost
16115.0,Champions
16116.0,At Risk / Lost
16117.0,At Risk / Lost
16119.0,Loyal Customers
16120.0,Potential Loyalist
16121.0,Others
16122.0,Potential Loyalist
16123.0,Others
16124.0,At Risk / Lost
16125.0,At Risk / Lost
16126.0,Champions
16127.0,Others
16128.0,Champions
16131.0,Potential Loyalist
16133.0,Champions
16134.0,Loyal Customers
16135.0,At Risk / Lost
16136.0,Potential Loyalist
16139.0,Loyal Customers
16140.0,Others
16141.0,At Risk / Lost
16142.0,At Risk / Lost
16143.0,Champions
16144.0,At Risk / Lost
16145.0,Champions
16146.0,Potential Loyalist
16147.0,At Risk / Lost
16148.0,At Risk / Lost
16149.0,Loyal Customers
16150.0,Potential Loyalist
16152.0,At Risk / Lost
16153.0,Potential Loyalist
16156.0,Champions
16157.0,Loyal Customers
16159.0,At Risk / Lost
16160.0,Others
16161.0,Champions
16162.0,At Risk / Lost
16163.0,Others
16164.0,Loyal Customers
16168.0,Champions
16169.0,Champions
16170.0,Potential Loyalist
16171.0,Others
16172.0,Potential Loyalist
16173.0,Champions
16174.0,Potential Loyalist
16175.0,Potential Loyalist
16177.0,Others
16178.0,At Risk / Lost
16179.0,Others
16180.0,Potential Loyalist
16181.0,At Risk / Lost
16182.0,Potential Loyalist
16183.0,Others
16184.0,Potential Loyalist
16185.0,Loyal Customers
16186.0,Champions
16187.0,Champions
16188.0,Potential Loyalist
16189.0,Loyal Customers
16190.0,Others
16191.0,Champions
16193.0,At Risk / Lost
16198.0,At Risk / Lost
16200.0,Loyal Customers
16201.0,Champions
16202.0,At Risk / Lost
16203.0,Potential Loyalist
16204.0,New Customers
16205.0,Loyal Customers
16206.0,Potential Loyalist
16207.0,New Customers
16208.0,Others
16209.0,Potential Loyalist
16210.0,Champions
16211.0,At Risk / Lost
16212.0,Loyal Customers
16213.0,At Risk / Lost
16214.0,Potential Loyalist
16215.0,At Risk / Lost
16216.0,At Risk / Lost
16217.0,Others
16218.0,Champions
16221.0,Potential Loyalist
16222.0,At Risk / Lost
16224.0,Potential Loyalist
16225.0,Potential Loyalist
16226.0,Others
16227.0,At Risk / Lost
16229.0,Others
16230.0,Others
16232.0,Potential Loyalist
16233.0,Potential Loyalist
16235.0,Potential Loyalist
16236.0,At Risk / Lost
16239.0,Others
16240.0,Loyal Customers
16241.0,Champions
16242.0,Champions
16243.0,Others
16244.0,Others
16245.0,Champions
16247.0,At Risk / Lost
16248.0,Others
16249.0,Potential Loyalist
16250.0,Others
16253.0,Others
16255.0,Champions
16256.0,At Risk / Lost
16257.0,At Risk / Lost
16258.0,Potential Loyalist
16260.0,Big Spenders (Infrequent)
16261.0,Loyal Customers
16265.0,Champions
16266.0,Potential Loyalist
16268.0,Others
16270.0,At Risk / Lost
16271.0,Champions
16272.0,At Risk / Lost
16274.0,At Risk / Lost
16275.0,At Risk / Lost
16276.0,At Risk / Lost
16278.0,At Risk / Lost
16279.0,Champions
16281.0,At Risk / Lost
16282.0,At Risk / Lost
16283.0,Champions
16284.0,Loyal Customers
16287.0,At Risk / Lost
16292.0,At Risk / Lost
16293.0,Champions
16295.0,Champions
16297.0,At Risk / Lost
16298.0,Loyal Customers
16302.0,At Risk / Lost
16303.0,Champions
16305.0,At Risk / Lost
16306.0,Potential Loyalist
16308.0,Potential Loyalist
16309.0,Others
16311.0,Loyal Customers
16313.0,Loyal Customers
16315.0,At Risk / Lost
16316.0,Potential Loyalist
16317.0,Potential Loyalist
16318.0,Others
16319.0,At Risk / Lost
16320.0,Others
16321.0,Others
16322.0,Loyal Customers
16323.0,At Risk / Lost
16324.0,Others
16325.0,Potential Loyalist
16326.0,Champions
16327.0,Champions
16330.0,Loyal Customers
16332.0,Champions
16333.0,Champions
16337.0,Others
16338.0,At Risk / Lost
16339.0,At Risk / Lost
16340.0,At Risk / Lost
16341.0,Champions
16342.0,Others
16343.0,Loyal Customers
16344.0,At Risk / Lost
16345.0,Others
16347.0,Loyal Customers
16348.0,Champions
16349.0,At Risk / Lost
16350.0,Champions
16351.0,At Risk / Lost
16352.0,Loyal Customers
16353.0,Champions
16354.0,Others
16356.0,Others
16357.0,Potential Loyalist
16358.0,Champions
16359.0,Champions
16360.0,Champions
16361.0,Loyal Customers
16362.0,Loyal Customers
16363.0,Others
16364.0,Loyal Customers
16365.0,Champions
16366.0,New Customers
16367.0,Others
16368.0,Loyal Customers
16369.0,Champions
16370.0,Potential Loyalist
16372.0,Others
16374.0,Others
16376.0,Loyal Customers
16377.0,At Risk / Lost
16378.0,Others
16379.0,Champions
16380.0,Big Spenders (Infrequent)
16383.0,Others
16384.0,Others
16385.0,Potential Loyalist
16386.0,Loyal Customers
16387.0,At Risk / Lost
16389.0,Potential Loyalist
16392.0,At Risk / Lost
16393.0,Champions
16394.0,Potential Loyalist
16395.0,Potential Loyalist
16398.0,Others
16399.0,Loyal Customers
16400.0,At Risk / Lost
16401.0,Champions
16402.0,Others
16403.0,At Risk / Lost
16404.0,Others
16405.0,Others
16406.0,New Customers
16407.0,Champions
16409.0,Potential Loyalist
16411.0,Loyal Customers
16412.0,Others
16413.0,Others
16414.0,Loyal Customers
16415.0,Others
16416.0,Champions
16418.0,Potential Loyalist
16419.0,Potential Loyalist
16422.0,Champions
16423.0,New Customers
16424.0,At Risk / Lost
16425.0,At Risk / Lost
16426.0,Champions
16427.0,Others
16429.0,At Risk / Lost
16430.0,Others
16431.0,Potential Loyalist
16432.0,Others
16433.0,New Customers
16434.0,Champions
16438.0,Loyal Customers
16440.0,Champions
16441.0,Others
16442.0,Loyal Customers
16444.0,Potential Loyalist
16445.0,Others
16446.0,Loyal Customers
16447.0,At Risk / Lost
16448.0,At Risk / Lost
16449.0,Others
16450.0,At Risk / Lost
16451.0,At Risk / Lost
16454.0,Others
16455.0,Potential Loyalist
16456.0,Potential Loyalist
16457.0,At Risk / Lost
16458.0,Champions
16460.0,Loyal Customers
16461.0,At Risk / Lost
16462.0,Others
16463.0,Champions
16464.0,Champions
16466.0,Potential Loyalist
16468.0,At Risk / Lost
16469.0,Loyal Customers
16470.0,Potential Loyalist
16471.0,At Risk / Lost
16473.0,Others
16474.0,Champions
16475.0,Potential Loyalist
16477.0,Potential Loyalist
16478.0,Loyal Customers
16479.0,Loyal Customers
16480.0,At Risk / Lost
16482.0,New Customers
16483.0,At Risk / Lost
16484.0,Others
16485.0,At Risk / Lost
16488.0,Potential Loyalist
16491.0,Others
16493.0,Potential Loyalist
16494.0,At Risk / Lost
16495.0,Loyal Customers
16496.0,Champions
16497.0,Potential Loyalist
16498.0,Others
16499.0,Others
16500.0,Loyal Customers
16503.0,Potential Loyalist
16504.0,New Customers
16505.0,New Customers
16506.0,Loyal Customers
16509.0,At Risk / Lost
16510.0,At Risk / Lost
16511.0,Champions
16513.0,Loyal Customers
16515.0,Potential Loyalist
16516.0,New Customers
16517.0,At Risk / Lost
16518.0,Others
16519.0,Loyal Customers
16520.0,Potential Loyalist
16523.0,Champions
16525.0,Champions
16526.0,At Risk / Lost
16527.0,At Risk / Lost
16528.0,New Customers
16529.0,At Risk / Lost
16531.0,Champions
16532.0,Champions
16533.0,Champions
16535.0,New Customers
16536.0,At Risk / Lost
16539.0,Champions
16542.0,Others
16545.0,At Risk / Lost
16546.0,Others
16549.0,Champions
16550.0,Potential Loyalist
16551.0,Potential Loyalist
16552.0,Others
16553.0,Potential Loyalist
16554.0,Potential Loyalist
16555.0,Others
16556.0,Potential Loyalist
16557.0,Loyal Customers
16558.0,Champions
16560.0,Loyal Customers
16561.0,Loyal Customers
16563.0,Big Spenders (Infrequent)
16565.0,At Risk / Lost
16566.0,Loyal Customers
16567.0,Others
16569.0,New Customers
16570.0,Champions
16571.0,Champions
16572.0,Potential Loyalist
16573.0,Others
16574.0,Others
16581.0,At Risk / Lost
16582.0,At Risk / Lost
16583.0,At Risk / Lost
16584.0,Others
16586.0,At Risk / Lost
16587.0,At Risk / Lost
16589.0,Others
16591.0,Others
16592.0,Champions
16593.0,Others
16594.0,At Risk / Lost
16595.0,Others
16596.0,Loyal Customers
16597.0,New Customers
16598.0,At Risk / Lost
16600.0,Loyal Customers
16601.0,Others
16602.0,Others
16603.0,Others
16607.0,Champions
16609.0,Champions
16610.0,At Risk / Lost
16611.0,At Risk / Lost
16612.0,Potential Loyalist
16613.0,Others
16614.0,At Risk / Lost
16616.0,Loyal Customers
16617.0,At Risk / Lost
16618.0,Champions
16619.0,At Risk / Lost
16620.0,Loyal Customers
16621.0,Potential Loyalist
16623.0,At Risk / Lost
16624.0,Others
16625.0,At Risk / Lost
16626.0,Champions
16627.0,At Risk / Lost
16628.0,Champions
16629.0,Others
16633.0,Champions
16634.0,Others
16637.0,Champions
16638.0,Champions
16639.0,Champions
16641.0,At Risk / Lost
16642.0,Loyal Customers
16643.0,At Risk / Lost
16644.0,Others
16647.0,Others
16648.0,Others
16650.0,At Risk / Lost
16652.0,Potential Loyalist
16653.0,Loyal Customers
16654.0,Potential Loyalist
16655.0,Champions
16656.0,Champions
16657.0,Loyal Customers
16658.0,At Risk / Lost
16659.0,At Risk / Lost
16660.0,Champions
16665.0,At Risk / Lost
16666.0,New Customers
16667.0,Others
16668.0,Loyal Customers
16669.0,Champions
16670.0,Champions
16671.0,Champions
16672.0,Champions
16674.0,Others
16676.0,Potential Loyalist
16678.0,Champions
16679.0,At Risk / Lost
16680.0,Others
16681.0,Potential Loyalist
16682.0,Champions
16684.0,Champions
16685.0,Others
16686.0,Potential Loyalist
16688.0,Champions
16689.0,Others
16690.0,Others
16692.0,Others
16693.0,Others
16696.0,Potential Loyalist
16697.0,At Risk / Lost
16698.0,Others
16700.0,Champions
16701.0,Champions
16705.0,Champions
16706.0,Potential Loyalist
16708.0,Others
16709.0,Potential Loyalist
16710.0,Champions
16711.0,Champions
16712.0,Champions
16713.0,Champions
16714.0,Potential Loyalist
16715.0,At Risk / Lost
16716.0,Others
16717.0,Champions
16718.0,At Risk / Lost
16719.0,Champions
16720.0,New Customers
16721.0,At Risk / Lost
16722.0,Champions
16723.0,Others
16725.0,Potential Loyalist
16726.0,Champions
16727.0,At Risk / Lost
16728.0,Potential Loyalist
16729.0,Potential Loyalist
16730.0,Potential Loyalist
16732.0,New Customers
16734.0,Potential Loyalist
16735.0,Potential Loyalist
16737.0,Others
16738.0,At Risk / Lost
16739.0,At Risk / Lost
16742.0,Others
16743.0,Champions
16744.0,Champions
16745.0,Potential Loyalist
16746.0,Champions
16747.0,Others
16748.0,Champions
16750.0,Potential Loyalist
16751.0,New Customers
16752.0,At Risk / Lost
16753.0,Others
16754.0,At Risk / Lost
16755.0,Potential Loyalist
16756.0,At Risk / Lost
16757.0,At Risk / Lost
16758.0,Others
16759.0,Loyal Customers
16761.0,At Risk / Lost
16762.0,Champions
16763.0,At Risk / Lost
16764.0,Champions
16765.0,At Risk / Lost
16766.0,Others
16767.0,Champions
16768.0,Others
16769.0,At Risk / Lost
16770.0,Potential Loyalist
16771.0,Potential Loyalist
16773.0,Others
16774.0,Potential Loyalist
16775.0,Champions
16776.0,Others
16777.0,Others
16778.0,Others
16779.0,Champions
16780.0,Others
16781.0,At Risk / Lost
16782.0,Champions
16784.0,New Customers
16788.0,Others
16789.0,New Customers
16790.0,Champions
16791.0,Champions
16792.0,Others
16793.0,Others
16794.0,Champions
16795.0,At Risk / Lost
16796.0,At Risk / Lost
16800.0,New Customers
16801.0,Potential Loyalist
16803.0,Others
16804.0,Loyal Customers
16805.0,Others
16806.0,Potential Loyalist
16807.0,Potential Loyalist
16808.0,Others
16809.0,Loyal Customers
16810.0,At Risk / Lost
16811.0,Loyal Customers
16812.0,At Risk / Lost
16813.0,Champions
16814.0,Champions
16816.0,Others
16817.0,Champions
16818.0,Champions
16820.0,At Risk / Lost
16823.0,At Risk / Lost
16824.0,Loyal Customers
16825.0,Others
16826.0,Others
16828.0,Others
16829.0,At Risk / Lost
16830.0,Others
16832.0,Others
16833.0,Champions
16834.0,At Risk / Lost
16835.0,Others
16836.0,Others
16837.0,Champions
16838.0,Others
16839.0,Champions
16841.0,Potential Loyalist
16842.0,Potential Loyalist
16843.0,Potential Loyalist
16846.0,Others
16847.0,Others
16848.0,Others
16849.0,At Risk / Lost
16850.0,At Risk / Lost
16851.0,Loyal Customers
16852.0,Loyal Customers
16855.0,Loyal Customers
16856.0,New Customers
16858.0,At Risk / Lost
16859.0,Others
16861.0,Others
16863.0,Loyal Customers
16866.0,Others
16869.0,Loyal Customers
16871.0,Champions
16872.0,Potential Loyalist
16873.0,Champions
16875.0,Potential Loyalist
16877.0,Loyal Customers
16878.0,At Risk / Lost
16880.0,Champions
16881.0,Others
16882.0,Potential Loyalist
16883.0,Others
16884.0,Others
16885.0,Loyal Customers
16887.0,Others
16889.0,Potential Loyalist
16891.0,Loyal Customers
16892.0,Loyal Customers
16893.0,At Risk / Lost
16895.0,Others
16897.0,Others
16898.0,Loyal Customers
16899.0,Champions
16900.0,Loyal Customers
16902.0,At Risk / Lost
16903.0,New Customers
16904.0,Champions
16905.0,Champions
16906.0,Potential Loyalist
16907.0,Champions
16909.0,At Risk / Lost
16910.0,Champions
16912.0,Champions
16913.0,At Risk / Lost
16914.0,Others
16915.0,Loyal Customers
16916.0,Loyal Customers
16917.0,At Risk / Lost
16918.0,Potential Loyalist
16919.0,Potential Loyalist
16921.0,Others
16923.0,Champions
16924.0,Loyal Customers
16926.0,At Risk / Lost
16927.0,Potential Loyalist
16928.0,Potential Loyalist
16929.0,Champions
16930.0,Loyal Customers
16931.0,Champions
16932.0,Others
16933.0,Loyal Customers
16934.0,Others
16936.0,New Customers
16938.0,Champions
16940.0,Potential Loyalist
16942.0,Champions
16943.0,Potential Loyalist
16945.0,Champions
16947.0,At Risk / Lost
16948.0,Others
16949.0,Champions
16950.0,Potential Loyalist
16951.0,Potential Loyalist
16952.0,Others
16953.0,New Customers
16954.0,Champions
16955.0,Potential Loyalist
16956.0,New Customers
16957.0,Others
16959.0,At Risk / Lost
16960.0,Potential Loyalist
16961.0,At Risk / Lost
16963.0,At Risk / Lost
16965.0,At Risk / Lost
16966.0,Champions
16967.0,At Risk / Lost
16968.0,Loyal Customers
16969.0,Potential Loyalist
16971.0,Others
16976.0,At Risk / Lost
16978.0,At Risk / Lost
16979.0,Champions
16980.0,Others
16982.0,Others
16983.0,Champions
16984.0,Others
16985.0,Champions
16986.0,Loyal Customers
16987.0,Champions
16988.0,New Customers
16989.0,Champions
16990.0,At Risk / Lost
16992.0,Champions
16996.0,Champions
16997.0,Potential Loyalist
16998.0,Others
16999.0,Loyal Customers
17001.0,Champions
17002.0,Potential Loyalist
17004.0,Others
17006.0,Loyal Customers
17007.0,Potential Loyalist
17010.0,New Customers
17011.0,New Customers
17014.0,Loyal Customers
17015.0,Champions
17017.0,Champions
17018.0,Others
17019.0,Champions
17022.0,New Customers
17024.0,Others
17025.0,Others
17026.0,Others
17027.0,Potential Loyalist
17029.0,Others
17030.0,Others
17031.0,Loyal Customers
17033.0,Potential Loyalist
17034.0,Loyal Customers
17035.0,Others
17037.0,At Risk / Lost
17038.0,New Customers
17040.0,At Risk / Lost
17041.0,Champions
17042.0,Champions
17043.0,Champions
17044.0,New Customers
17045.0,Others
17046.0,At Risk / Lost
17047.0,Potential Loyalist
17048.0,Potential Loyalist
17049.0,Champions
17050.0,Potential Loyalist
17051.0,At Risk / Lost
17052.0,New Customers
17053.0,At Risk / Lost
17054.0,Champions
17058.0,Potential Loyalist
17059.0,Champions
17060.0,At Risk / Lost
17061.0,Potential Loyalist
17062.0,Potential Loyalist
17063.0,Champions
17064.0,Potential Loyalist
17068.0,Champions
17069.0,Champions
17070.0,At Risk / Lost
17071.0,Champions
17073.0,Champions
17075.0,Loyal Customers
17076.0,Potential Loyalist
17078.0,Others
17079.0,At Risk / Lost
17080.0,Loyal Customers
17081.0,Loyal Customers
17082.0,Others
17083.0,Potential Loyalist
17084.0,Others
17085.0,Potential Loyalist
17086.0,Champions
17088.0,Champions
17090.0,Champions
17091.0,Champions
17092.0,Potential Loyalist
17094.0,At Risk / Lost
17095.0,Champions
17096.0,Champions
17097.0,Champions
17100.0,Loyal Customers
17101.0,Champions
17102.0,At Risk / Lost
17105.0,Others
17107.0,Potential Loyalist
17109.0,Loyal Customers
17110.0,At Risk / Lost
17111.0,Others
17114.0,Loyal Customers
17115.0,Loyal Customers
17117.0,At Risk / Lost
17118.0,At Risk / Lost
17119.0,Loyal Customers
17120.0,At Risk / Lost
17122.0,At Risk / Lost
17123.0,At Risk / Lost
17124.0,At Risk / Lost
17125.0,Others
17126.0,Potential Loyalist
17128.0,At Risk / Lost
17131.0,Champions
17133.0,Champions
17134.0,Others
17135.0,Champions
17138.0,At Risk / Lost
17139.0,Champions
17140.0,At Risk / Lost
17142.0,At Risk / Lost
17144.0,Loyal Customers
17146.0,Potential Loyalist
17147.0,Champions
17148.0,Others
17152.0,Potential Loyalist
17153.0,New Customers
17154.0,At Risk / Lost
17155.0,Loyal Customers
17157.0,Loyal Customers
17158.0,Champions
17159.0,Champions
17160.0,Champions
17162.0,Champions
17163.0,Loyal Customers
17164.0,Potential Loyalist
17165.0,At Risk / Lost
17166.0,Others
17169.0,Others
17171.0,At Risk / Lost
17172.0,At Risk / Lost
17173.0,Champions
17174.0,At Risk / Lost
17175.0,Potential Loyalist
17176.0,At Risk / Lost
17179.0,Potential Loyalist
17180.0,Potential Loyalist
17181.0,Others
17183.0,Champions
17186.0,Others
17187.0,At Risk / Lost
17188.0,Champions
17189.0,Others
17190.0,Others
17191.0,Champions
17193.0,Potential Loyalist
17194.0,Others
17197.0,New Customers
17198.0,Loyal Customers
17201.0,Others
17203.0,Potential Loyalist
17204.0,Potential Loyalist
17205.0,Others
17206.0,Others
17211.0,Champions
17212.0,At Risk / Lost
17213.0,Potential Loyalist
17214.0,Potential Loyalist
17217.0,At Risk / Lost
17218.0,Champions
17219.0,New Customers
17220.0,Champions
17221.0,Loyal Customers
17222.0,Others
17223.0,Others
17226.0,At Risk / Lost
17227.0,Loyal Customers
17228.0,Champions
17229.0,Others
17230.0,Potential Loyalist
17231.0,Champions
17232.0,Loyal Customers
17233.0,Others
17234.0,At Risk / Lost
17235.0,Loyal Customers
17236.0,Loyal Customers
17237.0,Loyal Customers
17238.0,Champions
17239.0,At Risk / Lost
17242.0,Others
17243.0,Champions
17244.0,Big Spenders (Infrequent)
17245.0,At Risk / Lost
17247.0,New Customers
17248.0,At Risk / Lost
17250.0,Loyal Customers
17251.0,At Risk / Lost
17252.0,Others
17253.0,New Customers
17254.0,Loyal Customers
17255.0,Others
17256.0,Others
17259.0,Others
17262.0,Potential Loyalist
17263.0,At Risk / Lost
17265.0,Others
17266.0,Loyal Customers
17267.0,Others
17268.0,Potential Loyalist
17272.0,Potential Loyalist
17274.0,Others
17277.0,Others
17278.0,At Risk / Lost
17279.0,Others
17282.0,Potential Loyalist
17284.0,Potential Loyalist
17286.0,New Customers
17287.0,Champions
17288.0,Champions
17289.0,Champions
17290.0,Loyal Customers
17291.0,At Risk / Lost
17293.0,Champions
17295.0,Loyal Customers
17297.0,New Customers
17298.0,Others
17299.0,Loyal Customers
17301.0,New Customers
17302.0,Champions
17303.0,At Risk / Lost
17306.0,Champions
17309.0,At Risk / Lost
17311.0,Others
17312.0,Potential Loyalist
17313.0,New Customers
17314.0,Champions
17315.0,Champions
17317.0,Potential Loyalist
17320.0,Potential Loyalist
17321.0,Loyal Customers
17323.0,Loyal Customers
17324.0,Champions
17325.0,At Risk / Lost
17329.0,Loyal Customers
17330.0,Loyal Customers
17331.0,At Risk / Lost
17333.0,At Risk / Lost
17334.0,Others
17337.0,Potential Loyalist
17338.0,Champions
17339.0,Others
17340.0,Champions
17341.0,Potential Loyalist
17343.0,At Risk / Lost
17344.0,Others
17345.0,Loyal Customers
17346.0,Champions
17347.0,At Risk / Lost
17348.0,Champions
17349.0,At Risk / Lost
17350.0,Champions
17351.0,Potential Loyalist
17353.0,Others
17354.0,Big Spenders (Infrequent)
17356.0,At Risk / Lost
17357.0,Loyal Customers
17358.0,Others
17359.0,New Customers
17360.0,Loyal Customers
17361.0,Others
17362.0,Others
17364.0,Champions
17365.0,Champions
17367.0,At Risk / Lost
17368.0,Champions
17370.0,Others
17371.0,Loyal Customers
17372.0,Potential Loyalist
17373.0,Potential Loyalist
17374.0,Others
17375.0,Others
17376.0,Others
17377.0,Champions
17379.0,New Customers
17381.0,Champions
17382.0,Others
17383.0,New Customers
17384.0,Loyal Customers
17385.0,New Customers
17386.0,Champions
17387.0,Loyal Customers
17388.0,Potential Loyalist
17389.0,Champions
17391.0,Others
17392.0,Others
17394.0,At Risk / Lost
17396.0,Potential Loyalist
17397.0,Loyal Customers
17398.0,Potential Loyalist
17400.0,Potential Loyalist
17402.0,Champions
17403.0,Others
17404.0,Champions
17405.0,Champions
17406.0,Potential Loyalist
17408.0,At Risk / Lost
17409.0,Others
17410.0,Champions
17411.0,Loyal Customers
17412.0,Champions
17414.0,Others
17415.0,At Risk / Lost
17416.0,Champions
17418.0,Others
17419.0,Champions
17420.0,Potential Loyalist
17422.0,Champions
17423.0,Others
17425.0,Loyal Customers
17426.0,Champions
17427.0,At Risk / Lost
17428.0,Champions
17429.0,Potential Loyalist
17430.0,Others
17431.0,At Risk / Lost
17432.0,Loyal Customers
17433.0,At Risk / Lost
17434.0,Champions
17436.0,Loyal Customers
17438.0,At Risk / Lost
17440.0,Others
17442.0,Potential Loyalist
17443.0,At Risk / Lost
17444.0,Potential Loyalist
17446.0,Others
17447.0,Others
17449.0,Champions
17450.0,Champions
17451.0,Champions
17453.0,Loyal Customers
17454.0,Potential Loyalist
17455.0,At Risk / Lost
17456.0,At Risk / Lost
17457.0,Potential Loyalist
17458.0,New Customers
17459.0,Others
17460.0,Potential Loyalist
17461.0,Loyal Customers
17462.0,Others
17463.0,Champions
17464.0,At Risk / Lost
17466.0,Loyal Customers
17468.0,Loyal Customers
17469.0,Champions
17470.0,Potential Loyalist
17472.0,Potential Loyalist
17475.0,At Risk / Lost
17480.0,At Risk / Lost
17481.0,Champions
17483.0,Others
17486.0,At Risk / Lost
17489.0,Others
17490.0,Champions
17491.0,Champions
17492.0,At Risk / Lost
17495.0,Loyal Customers
17496.0,At Risk / Lost
17498.0,At Risk / Lost
17499.0,At Risk / Lost
17500.0,Champions
17501.0,Others
17502.0,Loyal Customers
17503.0,Loyal Customers
17504.0,Potential Loyalist
17505.0,Others
17506.0,At Risk / Lost
17507.0,Others
17508.0,At Risk / Lost
17509.0,Potential Loyalist
17510.0,New Customers
17511.0,Champions
17512.0,Champions
17513.0,At Risk / Lost
17514.0,At Risk / Lost
17515.0,Loyal Customers
17516.0,Loyal Customers
17517.0,At Risk / Lost
17519.0,Champions
17520.0,Others
17521.0,Loyal Customers
17522.0,Champions
17523.0,Loyal Customers
17524.0,At Risk / Lost
17525.0,At Risk / Lost
17526.0,Champions
17527.0,Potential Loyalist
17528.0,Champions
17530.0,Champions
17531.0,At Risk / Lost
17534.0,Others
17535.0,At Risk / Lost
17536.0,At Risk / Lost
17537.0,Loyal Customers
17538.0,New Customers
17540.0,Loyal Customers
17542.0,At Risk / Lost
17545.0,Potential Loyalist
17548.0,At Risk / Lost
17549.0,Loyal Customers
17550.0,Others
17551.0,At Risk / Lost
17552.0,Potential Loyalist
17553.0,At Risk / Lost
17554.0,Champions
17555.0,Loyal Customers
17556.0,At Risk / Lost
17557.0,Loyal Customers
17560.0,Potential Loyalist
17561.0,New Customers
17562.0,Champions
17564.0,Loyal Customers
17566.0,Loyal Customers
17567.0,Champions
17569.0,At Risk / Lost
17571.0,Potential Loyalist
17572.0,Others
17573.0,Loyal Customers
17574.0,At Risk / Lost
17576.0,Champions
17578.0,At Risk / Lost
17579.0,Loyal Customers
17580.0,Others
17581.0,Champions
17582.0,At Risk / Lost
17584.0,Loyal Customers
17585.0,Potential Loyalist
17588.0,Potential Loyalist
17589.0,Potential Loyalist
17590.0,Champions
17591.0,Potential Loyalist
17593.0,Champions
17594.0,Others
17595.0,Loyal Customers
17596.0,Champions
17597.0,At Risk / Lost
17600.0,New Customers
17601.0,At Risk / Lost
17602.0,Champions
17603.0,At Risk / Lost
17604.0,Others
17608.0,Loyal Customers
17609.0,Potential Loyalist
17611.0,Champions
17612.0,Potential Loyalist
17613.0,Champions
17614.0,Others
17615.0,Others
17616.0,Potential Loyalist
17618.0,Champions
17619.0,At Risk / Lost
17620.0,Others
17621.0,Champions
17623.0,New Customers
17624.0,Loyal Customers
17625.0,Champions
17628.0,At Risk / Lost
17629.0,Champions
17630.0,Others
17631.0,Loyal Customers
17633.0,Champions
17634.0,Potential Loyalist
17636.0,New Customers
17637.0,Loyal Customers
17639.0,At Risk / Lost
17640.0,At Risk / Lost
17642.0,Others
17643.0,At Risk / Lost
17644.0,Champions
17646.0,Potential Loyalist
17647.0,Others
17648.0,Potential Loyalist
17649.0,At Risk / Lost
17650.0,New Customers
17651.0,Champions
17652.0,Champions
17653.0,Potential Loyalist
17654.0,At Risk / Lost
17655.0,Champions
17656.0,Potential Loyalist
17658.0,Loyal Customers
17659.0,Champions
17660.0,At Risk / Lost
17663.0,Champions
17664.0,Loyal Customers
17666.0,Loyal Customers
17667.0,Potential Loyalist
17668.0,Loyal Customers
17669.0,Potential Loyalist
17670.0,At Risk / Lost
17671.0,Champions
17672.0,Others
17673.0,Champions
17674.0,Others
17675.0,Champions
17676.0,Champions
17677.0,Champions
17678.0,At Risk / Lost
17679.0,Others
17680.0,New Customers
17682.0,Champions
17684.0,Others
17685.0,Champions
17686.0,Champions
17690.0,Champions
17691.0,Others
17692.0,Potential Loyalist
17693.0,At Risk / Lost
17694.0,At Risk / Lost
17695.0,Others
17696.0,Potential Loyalist
17697.0,At Risk / Lost
17698.0,At Risk / Lost
17700.0,Champions
17701.0,At Risk / Lost
17702.0,Champions
17703.0,Potential Loyalist
17704.0,Others
17705.0,Champions
17706.0,Champions
17707.0,Others
17708.0,Others
17709.0,At Risk / Lost
17711.0,Loyal Customers
17712.0,Others
17714.0,At Risk / Lost
17715.0,At Risk / Lost
17716.0,Champions
17718.0,At Risk / Lost
17719.0,Potential Loyalist
17720.0,Champions
17722.0,Potential Loyalist
17723.0,Potential Loyalist
17724.0,Potential Loyalist
17725.0,Champions
17727.0,New Customers
17728.0,Champions
17730.0,Champions
17731.0,Potential Loyalist
17732.0,At Risk / Lost
17733.0,Others
17734.0,Potential Loyalist
17735.0,Champions
17736.0,Loyal Customers
17737.0,Loyal Customers
17738.0,Champions
17739.0,Champions
17742.0,Others
17744.0,Champions
17746.0,At Risk / Lost
17747.0,At Risk / Lost
17749.0,Others
17750.0,Champions
17752.0,At Risk / Lost
17754.0,Champions
17757.0,Champions
17758.0,Champions
17759.0,Loyal Customers
17760.0,Loyal Customers
17761.0,New Customers
17763.0,At Risk / Lost
17764.0,Others
17765.0,Others
17767.0,New Customers
17768.0,Champions
17769.0,Champions
17770.0,Potential Loyalist
17771.0,Others
17772.0,Loyal Customers
17774.0,Potential Loyalist
17775.0,At Risk / Lost
17777.0,Loyal Customers
17779.0,Loyal Customers
17781.0,Others
17783.0,Others
17785.0,Others
17786.0,Others
17787.0,Potential Loyalist
17788.0,Others
17789.0,At Risk / Lost
17790.0,Champions
17791.0,New Customers
17793.0,New Customers
17795.0,Others
17796.0,Potential Loyalist
17797.0,Loyal Customers
17799.0,Champions
17800.0,Potential Loyalist
17802.0,Potential Loyalist
17805.0,At Risk / Lost
17806.0,New Customers
17809.0,Champions
17811.0,Champions
17812.0,Loyal Customers
17813.0,Champions
17816.0,Others
17817.0,Loyal Customers
17819.0,Potential Loyalist
17824.0,Others
17827.0,Champions
17828.0,Champions
17829.0,At Risk / Lost
17830.0,Loyal Customers
17831.0,New Customers
17832.0,Others
17835.0,Loyal Customers
17836.0,Others
17837.0,Potential Loyalist
17838.0,Champions
17839.0,Others
17841.0,Champions
17843.0,At Risk / Lost
17844.0,At Risk / Lost
17846.0,At Risk / Lost
17848.0,Potential Loyalist
17849.0,Potential Loyalist
17850.0,Potential Loyalist
17852.0,Loyal Customers
17854.0,Others
17855.0,At Risk / Lost
17856.0,Champions
17857.0,Champions
17858.0,Champions
17859.0,At Risk / Lost
17860.0,At Risk / Lost
17861.0,Champions
17862.0,At Risk / Lost
17863.0,Potential Loyalist
17864.0,Loyal Customers
17865.0,Champions
17866.0,At Risk / Lost
17867.0,Champions
17869.0,Others
17870.0,Champions
17871.0,At Risk / Lost
17873.0,Potential Loyalist
17874.0,Potential Loyalist
17877.0,At Risk / Lost
17878.0,Others
17879.0,At Risk / Lost
17880.0,At Risk / Lost
17881.0,At Risk / Lost
17883.0,Loyal Customers
17884.0,Loyal Customers
17885.0,New Customers
17886.0,Loyal Customers
17887.0,At Risk / Lost
17888.0,Loyal Customers
17889.0,Others
17890.0,Others
17891.0,At Risk / Lost
17892.0,Others
17893.0,At Risk / Lost
17894.0,Potential Loyalist
17895.0,Others
17896.0,New Customers
17897.0,Potential Loyalist
17898.0,Others
17899.0,At Risk / Lost
17900.0,Others
17901.0,New Customers
17904.0,New Customers
17905.0,Potential Loyalist
17906.0,At Risk / Lost
17908.0,At Risk / Lost
17911.0,New Customers
17912.0,Others
17913.0,Others
17914.0,New Customers
17917.0,Others
17919.0,At Risk / Lost
17920.0,Champions
17921.0,Potential Loyalist
17923.0,At Risk / Lost
17924.0,Champions
17925.0,At Risk / Lost
17926.0,Others
17928.0,Others
17929.0,Loyal Customers
17930.0,Potential Loyalist
17931.0,Others
17932.0,Champions
17934.0,Others
17935.0,Others
17936.0,New Customers
17937.0,Champions
17939.0,At Risk / Lost
17940.0,Potential Loyalist
17941.0,At Risk / Lost
17942.0,New Customers
17946.0,Others
17947.0,Others
17948.0,At Risk / Lost
17949.0,Champions
17950.0,Others
17951.0,Potential Loyalist
17954.0,Champions
17955.0,Potential Loyalist
17956.0,At Risk / Lost
17957.0,Others
17958.0,At Risk / Lost
17960.0,At Risk / Lost
17961.0,Champions
17962.0,At Risk / Lost
17964.0,Loyal Customers
17965.0,Potential Loyalist
17966.0,Potential Loyalist
17967.0,At Risk / Lost
17968.0,At Risk / Lost
17969.0,Others
17970.0,At Risk / Lost
17972.0,At Risk / Lost
17973.0,Others
17974.0,Loyal Customers
17975.0,Champions
17976.0,At Risk / Lost
17977.0,New Customers
17978.0,At Risk / Lost
17979.0,Potential Loyalist
17980.0,Potential Loyalist
17984.0,At Risk / Lost
17985.0,New Customers
17986.0,Others
17987.0,At Risk / Lost
17988.0,Loyal Customers
17990.0,Potential Loyalist
17991.0,Others
17994.0,Potential Loyalist
17995.0,At Risk / Lost
17997.0,Potential Loyalist
17999.0,Others
18001.0,Loyal Customers
18004.0,At Risk / Lost
18005.0,Loyal Customers
18006.0,New Customers
18008.0,Potential Loyalist
18009.0,At Risk / Lost
18010.0,At Risk / Lost
18011.0,At Risk / Lost
18013.0,Others
18014.0,New Customers
18015.0,New Customers
18016.0,Champions
18017.0,Potential Loyalist
18018.0,Others
18019.0,Others
18022.0,Others
18024.0,Others
18027.0,At Risk / Lost
18030.0,Loyal Customers
18032.0,At Risk / Lost
18033.0,Others
18034.0,Loyal Customers
18035.0,Potential Loyalist
18036.0,Loyal Customers
18037.0,Others
18040.0,Loyal Customers
18041.0,Champions
18042.0,Others
18043.0,Loyal Customers
18044.0,Champions
18045.0,Others
18048.0,Others
18050.0,At Risk / Lost
18053.0,Others
18055.0,Champions
18056.0,At Risk / Lost
18058.0,New Customers
18059.0,Loyal Customers
18061.0,Champions
18062.0,Potential Loyalist
18064.0,Others
18065.0,Champions
18066.0,At Risk / Lost
18067.0,Others
18068.0,At Risk / Lost
18069.0,Champions
18071.0,Others
18072.0,At Risk / Lost
18073.0,Potential Loyalist
18074.0,At Risk / Lost
18075.0,Champions
18077.0,Champions
18078.0,Others
18079.0,Potential Loyalist
18080.0,Loyal Customers
18081.0,Others
18082.0,New Customers
18084.0,New Customers
18085.0,Others
18086.0,At Risk / Lost
18087.0,Others
18088.0,Others
18092.0,Champions
18093.0,Potential Loyalist
18094.0,Potential Loyalist
18095.0,Others
18096.0,Loyal Customers
18097.0,Champions
18099.0,At Risk / Lost
18101.0,Loyal Customers
18102.0,Champions
18104.0,Others
18105.0,Others
18106.0,At Risk / Lost
18108.0,At Risk / Lost
18109.0,Champions
18110.0,New Customers
18112.0,Loyal Customers
18113.0,At Risk / Lost
18114.0,At Risk / Lost
18116.0,Potential Loyalist
18117.0,New Customers
18118.0,Champions
18119.0,At Risk / Lost
18120.0,At Risk / Lost
18121.0,Others
18122.0,Champions
18123.0,Loyal Customers
18125.0,Champions
18126.0,Others
18127.0,Loyal Customers
18129.0,At Risk / Lost
18130.0,Champions
18133.0,At Risk / Lost
18135.0,Loyal Customers
18136.0,Potential Loyalist
18138.0,At Risk / Lost
18139.0,Champions
18142.0,Others
18143.0,Others
18144.0,Champions
18145.0,Champions
18146.0,Others
18147.0,Others
18149.0,Potential Loyalist
18150.0,Loyal Customers
18151.0,Others
18154.0,Loyal Customers
18155.0,Others
18156.0,Loyal Customers
18158.0,Loyal Customers
18159.0,At Risk / Lost
18160.0,Others
18161.0,Champions
18164.0,Others
18165.0,At Risk / Lost
18167.0,Champions
18168.0,Potential Loyalist
18169.0,Others
18170.0,Champions
18171.0,Potential Loyalist
18172.0,Champions
18173.0,Potential Loyalist
18174.0,New Customers
18176.0,At Risk / Lost
18177.0,Champions
18178.0,Potential Loyalist
18179.0,Champions
18180.0,Champions
18181.0,New Customers
18183.0,Others
18184.0,New Customers
18185.0,At Risk / Lost
18188.0,Champions
18189.0,Others
18190.0,Others
18191.0,At Risk / Lost
18192.0,At Risk / Lost
18193.0,At Risk / Lost
18194.0,At Risk / Lost
18196.0,Others
18198.0,Champions
18200.0,At Risk / Lost
18202.0,Potential Loyalist
18203.0,At Risk / Lost
18204.0,Potential Loyalist
18205.0,Others
18209.0,New Customers
18210.0,Champions
18211.0,Loyal Customers
18212.0,At Risk / Lost
18213.0,At Risk / Lost
18215.0,At Risk / Lost
18216.0,New Customers
18217.0,Loyal Customers
18218.0,Others
18219.0,Champions
18220.0,At Risk / Lost
18221.0,Champions
18222.0,At Risk / Lost
18223.0,Champions
18224.0,At Risk / Lost
18225.0,Champions
18226.0,Potential Loyalist
18227.0,At Risk / Lost
18228.0,Others
18229.0,Champions
18230.0,Champions
18231.0,Potential Loyalist
18232.0,Potential Loyalist
18233.0,At Risk / Lost
18235.0,Potential Loyalist
18236.0,Loyal Customers
18237.0,Champions
18239.0,Potential Loyalist
18240.0,Others
18241.0,Champions
18242.0,Potential Loyalist
18245.0,Champions
18246.0,Loyal Customers
18248.0,Others
18249.0,New Customers
18250.0,At Risk / Lost
18251.0,At Risk / Lost
18252.0,Others
18255.0,At Risk / Lost
18257.0,Potential Loyalist
18259.0,Champions
18260.0,Potential Loyalist
18261.0,Others
18262.0,At Risk / Lost
18263.0,Champions
18265.0,Others
18268.0,At Risk / Lost
18269.0,At Risk / Lost
18270.0,Others
18272.0,Champions
18273.0,Loyal Customers
18274.0,New Customers
18276.0,Others
18277.0,Others
18278.0,At Risk / Lost
18280.0,At Risk / Lost
18281.0,At Risk / Lost
18282.0,Loyal Customers
18283.0,Champions
18287.0,Potential Loyalist
